"facility_id","common_name","address","city","zip_code","block_lot","owned_leased","dept_id_for_jurisdiction","jurisdiction","gross_sq_ft","longitude","latitude","supervisor_district","city_tenants"
"3520","240 6th St","240 6th St","San Francisco","94103","3731004","Own","49","Recreation And Parks",,"-122.40679770699995","37.778959617000055","6",
"3342","500 Pine Rooftop Park","500 Pine St","San Francisco","94108","0258042","Own","49","Recreation And Parks",,"-122.40458094299998","37.79187874400003","3",
"3339","900 Innes Ave","900 Innes Ave","San Francisco","94124","4629A010","Own","49","Recreation And Parks",,"-122.37578143499996","37.73218698100004","10",
"10","Adam Rogers Park Bathrooms","45 George Ct","San Francisco","94124","4700055","Own","49","Recreation And Parks",,"-122.38370521099995","37.73087956100005","10",
"108","Alamo Square Bathrooms","1081 Fulton St","San Francisco","94117","0799001","Own","49","Recreation And Parks","500","-122.43433764499997","37.776069505000066","5",
"112","Alice Chalmers Clubhouse","670 Brunswick St","San Francisco","94112","6474001","Own","49","Recreation And Parks","2,505","-122.447003258","37.709531742000024","11",
"114","Alioto Gazebo","490 Capp St","San Francisco","94110","3595016","Own","49","Recreation And Parks",,"-122.41825073899997","37.75891530900003","9",
"116","Alta Plaza Bathrooms","2599 Jackson St","San Francisco","94115","0607001","Own","49","Recreation And Parks","432","-122.43816191599996","37.791239380000036","2",
"117","Alta Plaza Maintenance Facilities","2599 Jackson St","San Francisco","94115","0607001","Own","49","Recreation And Parks","1,200","-122.43822817099999","37.79120498700007","2",
"123","Anglers Lodge","1232 John F Kennedy Dr","San Francisco","94117","1263011","Own","49","Recreation And Parks","2,196","-122.496615212","37.76800921800003","4",
"124","Anglers Lodge Maint Bldg","1232 John F Kennedy Dr","San Francisco","94117","1263011","Own","49","Recreation And Parks","1,130","-122.49736905699996","37.768018436000034","4",
"125","Anglers Lodge Parking Lot Trailer","Angler's Lodge","San Francisco","94121","1263011","Own","49","Recreation And Parks","1,440","-122.49624885099996","37.76814715300003","4",
"129","Aptos Clubhouse","139 Aptos Ave","San Francisco","94127","3266A001","Own","49","Recreation And Parks",,"-122.46601428999998","37.72852776800005","7",
"3025","Aptos Maintenance Facility","139 Aptos Ave","San Francisco","94127","3266A001","Own","49","Recreation And Parks",,"-122.46644188699997","37.72912068900007","7",
"132","Aquavista & Skyview Pump Station","2 Aquavista Way","San Francisco","94131","2634A003","Own","49","Recreation And Parks",,"-122.44991424099999","37.75102742400003","7",
"89","Arboretum Bookstore","1199 09TH AVE","San Francisco","94122","1263011","Own","49","Recreation And Parks","170","-122.47037794899995","37.768998271000044","7",
"133","Arboretum Gardeners Compound","1199 09th Ave","San Francisco","94117","1263011","Own","49","Recreation And Parks",,"-122.47109549199996","37.76623084600004","7",
"134","Arboretum North Bathroom","1199 09th Ave","San Francisco","94117","1263011","Own","49","Recreation And Parks",,"-122.47087744199996","37.76889158200004","7",
"135","Arboretum South Bathroom","1199 09th Ave","San Francisco","94117","1263011","Own","49","Recreation And Parks",,"-122.46834362099997","37.76684125400004","7",
"137","Argonne Clubhouse","455 18th Ave","San Francisco","94121","1526007","Own","49","Recreation And Parks","1,000","-122.47766661199995","37.77958605300006","1",
"146","Auto Shop","100 Martin Luther King Dr","San Francisco","94117","1263011","Own","49","Recreation And Parks","6,050","-122.46107817999996","37.76870197900007","7",
"155","Balboa Park Community Pool","51 Havelock St","San Francisco","94112","3179011","Own","49","Recreation And Parks","19,925","-122.44318335599996","37.72634633900003","11",
"156","Balboa Park East Bathrooms","51 Havelock St","San Francisco","94112","3179011","Own","49","Recreation And Parks",,"-122.44425062899995","37.72518273700007","11",
"157","Balboa Park West Bathrooms","51 Havelock St","San Francisco","94112","3179011","Own","49","Recreation And Parks",,"-122.44425062899995","37.72518273700007","11",
"160","Ball Diamond 1 Grandstand","799 Moscow St","San Francisco","94112","6284A001","Own","49","Recreation And Parks",,"-122.43185752","37.714979018000065","11",
"3026","Ball Diamond 2 Grandstand","799 Moscow St","San Francisco","94112","6284A001","Own","49","Recreation And Parks","23,128","-122.43044229599997","37.71285819700006","11",
"161","Bandshell-Spreckels Temple of Music","50 Hagiwara Tea Garden Dr","San Francisco","94117","1263011","Own","49","Recreation And Parks",,"-122.46854445899999","37.76988405800006","7",
"162","Bandstand Public Restrooms","50 Hagiwara Tea Garden Dr","San Francisco","94117","1263011","Own","49","Recreation And Parks","1,276","-122.46874093999998","37.76974555400005","7",
"168","Bay View Bathrooms","5701 03rd St","San Francisco","94124","5420001","Own","49","Recreation And Parks","500","-122.393033162","37.72555868400008","10",
"175","Beach Chalet","1000 Great Hwy","San Francisco","94117","1263011","Own","49","Recreation And Parks","15,639","-122.51020566699998","37.76946017800003","4",
"12","BEACH CHALET Shed","1000 Great Hwy","San Francisco","94121","1263011","Own","49","Recreation And Parks","156","-122.51005211699999","37.76904896600007","4",
"3484","Bercut Dressage Ring","Bercut Access Rd & Chain of Lakes Dr","San Francisco","94117","1263011","Own","49","Recreation And Parks",,"-122.50299400799997","37.76608150100003","4",
"3475","Bercut Equitation Field","Bercut Access Rd & Chain of Lakes Dr","San Francisco","94117","1263011","Own","49","Recreation And Parks",,"-122.50126166599995","37.76639263100003","4",
"177","Bercut Maintenance Bldgs","Bercut Access Rd & Chain of Lakes Dr","San Francisco","94117","1263011","Own","49","Recreation And Parks","1,320","-122.50255292699995","37.766391586000054","4",
"180","Bernal Heights Rec Center","500 Moultrie St","San Francisco","94110","5707027","Own","49","Recreation And Parks","6,224","-122.41609980899995","37.73821272500004","9",
"185","Betty Ong Rec Center","1199 Mason St","San Francisco","94108","0213001","Own","49","Recreation And Parks",,"-122.41178566499997","37.794209350000074","3",
"186","Big Rec Bathroom","Nancy Pelosi Dr & Martin Luther King Jr Dr","San Francisco","94117","1263011","Own","49","Recreation And Parks",,"-122.465363363","37.76854517700008","7",
"187","Big Rec Handball/Racquetball Courts","Nancy Pelosi Dr & Martin Luther King Jr Dr","San Francisco","94117","1263011","Own","49","Recreation And Parks",,"-122.46485359299999","37.76871915800007","7",
"189","Bison Paddock","1237 John F Kennedy Dr","San Francisco","94117","1263011","Own","49","Recreation And Parks",,"-122.49932677899994","37.76908395800007","1",
"191","Boeddeker Park Clubhouse","295 Eddy St","San Francisco","94102","0332006","Own","49","Recreation And Parks","3,740","-122.41182835399997","37.78432481800007","5",
"192","Bowling Green Clubhouse","310 Bowling Green Dr","San Francisco","94117","1263011","Own","49","Recreation And Parks","2,150","-122.45995907499997","37.768761780000034","7",
"193","Bowling Green Maintenance Sheds","310 Bowling Green Dr","San Francisco","94117","1263011","Own","49","Recreation And Parks",,"-122.45879447399994","37.76896670200006","7",
"205","Buena Vista maintenance facility","Buena Vista Ave East & Haight St","San Francisco","94117","2601001","Own","49","Recreation And Parks",,"-122.44135349099997","37.76797121900006","8",
"206","Buena Vista Park Bathrooms","Buena Vista Ave East & Haight St","San Francisco","94117","2601001","Own","49","Recreation And Parks","400","-122.43967901299999","37.76929036400003","8",
"274","Bunk House","32560 Mather Rd","Groveland","95321","681600100","Own","49","Recreation And Parks",,"-119.85475671799998","37.881376887000044",,
"281","Cabin #001","32560 Mather Rd","Groveland","95321","681600100","Own","49","Recreation And Parks",,"-119.85373773099997","37.880830367000044",,
"282","Cabin #10","32560 Mather Rd","Groveland","95321","681600100","Own","49","Recreation And Parks",,"-119.85373773099997","37.880830367000044",,
"283","Cabin #100","32560 Mather Rd","Groveland","95321","681600100","Own","49","Recreation And Parks",,"-119.85373773099997","37.880830367000044",,
"284","Cabin #101","32560 Mather Rd","Groveland","95321","681600100","Own","49","Recreation And Parks",,"-119.85373773099997","37.880830367000044",,
"285","Cabin #11","32560 Mather Rd","Groveland","95321","681600100","Own","49","Recreation And Parks",,"-119.85373773099997","37.880830367000044",,
"286","Cabin #12","32560 Mather Rd","Groveland","95321","681600100","Own","49","Recreation And Parks",,"-119.85373773099997","37.880830367000044",,
"278","Cabin # 121","32560 Mather Rd","Groveland","95321","681600100","Own","49","Recreation And Parks",,"-119.85373773099997","37.880830367000044",,
"351","Cabin 13","32560 Mather Rd","Groveland","95321","681600100","Own","49","Recreation And Parks",,"-119.85373773099997","37.880830367000044",,
"287","Cabin #14","32560 Mather Rd","Groveland","95321","681600100","Own","49","Recreation And Parks",,"-119.85373773099997","37.880830367000044",,
"288","Cabin #15","32560 Mather Rd","Groveland","95321","681600100","Own","49","Recreation And Parks",,"-119.85373773099997","37.880830367000044",,
"289","Cabin #16","32560 Mather Rd","Groveland","95321","681600100","Own","49","Recreation And Parks",,"-119.85373773099997","37.880830367000044",,
"290","Cabin #17","32560 Mather Rd","Groveland","95321","681600100","Own","49","Recreation And Parks",,"-119.85373773099997","37.880830367000044",,
"291","Cabin #18","32560 Mather Rd","Groveland","95321","681600100","Own","49","Recreation And Parks",,"-119.85373773099997","37.880830367000044",,
"292","Cabin #19","32560 Mather Rd","Groveland","95321","681600100","Own","49","Recreation And Parks",,"-119.85373773099997","37.880830367000044",,
"293","Cabin #2","32560 Mather Rd","Groveland","95321","681600100","Own","49","Recreation And Parks",,"-119.85373773099997","37.880830367000044",,
"294","Cabin #20","32560 Mather Rd","Groveland","95321","681600100","Own","49","Recreation And Parks",,"-119.85373773099997","37.880830367000044",,
"295","Cabin #21","32560 Mather Rd","Groveland","95321","681600100","Own","49","Recreation And Parks",,"-119.85373773099997","37.880830367000044",,
"296","Cabin #22","32560 Mather Rd","Groveland","95321","681600100","Own","49","Recreation And Parks",,"-119.85373773099997","37.880830367000044",,
"297","Cabin #23","32560 Mather Rd","Groveland","95321","681600100","Own","49","Recreation And Parks",,"-119.85373773099997","37.880830367000044",,
"298","Cabin #24","32560 Mather Rd","Groveland","95321","681600100","Own","49","Recreation And Parks",,"-119.85373773099997","37.880830367000044",,
"299","Cabin #25","32560 Mather Rd","Groveland","95321","681600100","Own","49","Recreation And Parks",,"-119.85373773099997","37.880830367000044",,
"300","Cabin #26","32560 Mather Rd","Groveland","95321","681600100","Own","49","Recreation And Parks",,"-119.85373773099997","37.880830367000044",,
"301","Cabin #27","32560 Mather Rd","Groveland","95321","681600100","Own","49","Recreation And Parks",,"-119.85373773099997","37.880830367000044",,
"302","Cabin #28","32560 Mather Rd","Groveland","95321","681600100","Own","49","Recreation And Parks",,"-119.85373773099997","37.880830367000044",,
"303","Cabin #29","32560 Mather Rd","Groveland","95321","681600100","Own","49","Recreation And Parks",,"-119.85373773099997","37.880830367000044",,
"304","Cabin #3","32560 Mather Rd","Groveland","95321","681600100","Own","49","Recreation And Parks",,"-119.85373773099997","37.880830367000044",,
"305","Cabin #30","32560 Mather Rd","Groveland","95321","681600100","Own","49","Recreation And Parks",,"-119.85373773099997","37.880830367000044",,
"352","Cabin 31","32560 Mather Rd","Groveland","95321","681600100","Own","49","Recreation And Parks",,"-119.85373773099997","37.880830367000044",,
"306","Cabin #32","32560 Mather Rd","Groveland","95321","681600100","Own","49","Recreation And Parks",,"-119.85373773099997","37.880830367000044",,
"307","Cabin #33","32560 Mather Rd","Groveland","95321","681600100","Own","49","Recreation And Parks",,"-119.85373773099997","37.880830367000044",,
"308","Cabin #34","32560 Mather Rd","Groveland","95321","681600100","Own","49","Recreation And Parks",,"-119.85373773099997","37.880830367000044",,
"309","Cabin #35","32560 Mather Rd","Groveland","95321","681600100","Own","49","Recreation And Parks",,"-119.85373773099997","37.880830367000044",,
"310","Cabin #36","32560 Mather Rd","Groveland","95321","681600100","Own","49","Recreation And Parks",,"-119.85373773099997","37.880830367000044",,
"311","Cabin #37","32560 Mather Rd","Groveland","95321","681600100","Own","49","Recreation And Parks",,"-119.85373773099997","37.880830367000044",,
"312","Cabin #38","32560 Mather Rd","Groveland","95321","681600100","Own","49","Recreation And Parks",,"-119.85373773099997","37.880830367000044",,
"353","Cabin 39","32560 Mather Rd","Groveland","95321","681600100","Own","49","Recreation And Parks",,"-119.85373773099997","37.880830367000044",,
"313","Cabin #4","32560 Mather Rd","Groveland","95321","681600100","Own","49","Recreation And Parks",,"-119.85373773099997","37.880830367000044",,
"314","Cabin #40","32560 Mather Rd","Groveland","95321","681600100","Own","49","Recreation And Parks",,"-119.85373773099997","37.880830367000044",,
"315","Cabin #41","32560 Mather Rd","Groveland","95321","681600100","Own","49","Recreation And Parks",,"-119.85373773099997","37.880830367000044",,
"316","Cabin #42","32560 Mather Rd","Groveland","95321","681600100","Own","49","Recreation And Parks",,"-119.85373773099997","37.880830367000044",,
"317","Cabin #43","32560 Mather Rd","Groveland","95321","681600100","Own","49","Recreation And Parks",,"-119.85373773099997","37.880830367000044",,
"318","Cabin #44","32560 Mather Rd","Groveland","95321","681600100","Own","49","Recreation And Parks",,"-119.85373773099997","37.880830367000044",,
"319","Cabin #45","32560 Mather Rd","Groveland","95321","681600100","Own","49","Recreation And Parks",,"-119.85373773099997","37.880830367000044",,
"320","Cabin #46","32560 Mather Rd","Groveland","95321","681600100","Own","49","Recreation And Parks",,"-119.85373773099997","37.880830367000044",,
"321","Cabin #47","32560 Mather Rd","Groveland","95321","681600100","Own","49","Recreation And Parks",,"-119.85373773099997","37.880830367000044",,
"322","Cabin #5","32560 Mather Rd","Groveland","95321","681600100","Own","49","Recreation And Parks",,"-119.85373773099997","37.880830367000044",,
"279","Cabin # 58","32560 Mather Rd","Groveland","95321","681600100","Own","49","Recreation And Parks",,"-119.85373773099997","37.880830367000044",,
"323","Cabin #59","32560 Mather Rd","Groveland","95321","681600100","Own","49","Recreation And Parks",,"-119.85373773099997","37.880830367000044",,
"280","Cabin # 59","32560 Mather Rd","Groveland","95321","681600100","Own","49","Recreation And Parks",,"-119.85373773099997","37.880830367000044",,
"324","Cabin #6","32560 Mather Rd","Groveland","95321","681600100","Own","49","Recreation And Parks",,"-119.85373773099997","37.880830367000044",,
"325","Cabin #60","32560 Mather Rd","Groveland","95321","681600100","Own","49","Recreation And Parks",,"-119.85373773099997","37.880830367000044",,
"326","Cabin #61","32560 Mather Rd","Groveland","95321","681600100","Own","49","Recreation And Parks",,"-119.85373773099997","37.880830367000044",,
"327","Cabin #68 & #69","32560 Mather Rd","Groveland","95321","681600100","Own","49","Recreation And Parks",,"-119.85373773099997","37.880830367000044",,
"328","Cabin #69","32560 Mather Rd","Groveland","95321","681600100","Own","49","Recreation And Parks",,"-119.85373773099997","37.880830367000044",,
"329","Cabin #7","32560 Mather Rd","Groveland","95321","681600100","Own","49","Recreation And Parks",,"-119.85373773099997","37.880830367000044",,
"330","Cabin #70 & #71","32560 Mather Rd","Groveland","95321","681600100","Own","49","Recreation And Parks",,"-119.85373773099997","37.880830367000044",,
"331","Cabin #71","32560 Mather Rd","Groveland","95321","681600100","Own","49","Recreation And Parks",,"-119.85373773099997","37.880830367000044",,
"332","Cabin #72 & #73","32560 Mather Rd","Groveland","95321","681600100","Own","49","Recreation And Parks",,"-119.85373773099997","37.880830367000044",,
"333","Cabin #73","32560 Mather Rd","Groveland","95321","681600100","Own","49","Recreation And Parks",,"-119.85373773099997","37.880830367000044",,
"334","Cabin #74 & #75","32560 Mather Rd","Groveland","95321","681600100","Own","49","Recreation And Parks",,"-119.85373773099997","37.880830367000044",,
"335","Cabin #75","32560 Mather Rd","Groveland","95321","681600100","Own","49","Recreation And Parks",,"-119.85373773099997","37.880830367000044",,
"336","Cabin #78","32560 Mather Rd","Groveland","95321","681600100","Own","49","Recreation And Parks",,"-119.85373773099997","37.880830367000044",,
"337","Cabin #8","32560 Mather Rd","Groveland","95321","681600100","Own","49","Recreation And Parks",,"-119.85373773099997","37.880830367000044",,
"338","Cabin #81","32560 Mather Rd","Groveland","95321","681600100","Own","49","Recreation And Parks",,"-119.85373773099997","37.880830367000044",,
"339","Cabin #82","32560 Mather Rd","Groveland","95321","681600100","Own","49","Recreation And Parks",,"-119.85373773099997","37.880830367000044",,
"340","Cabin #84","32560 Mather Rd","Groveland","95321","681600100","Own","49","Recreation And Parks",,"-119.85373773099997","37.880830367000044",,
"341","Cabin #85","32560 Mather Rd","Groveland","95321","681600100","Own","49","Recreation And Parks",,"-119.85373773099997","37.880830367000044",,
"342","Cabin #9","32560 Mather Rd","Groveland","95321","681600100","Own","49","Recreation And Parks",,"-119.85373773099997","37.880830367000044",,
"343","Cabin #90","32560 Mather Rd","Groveland","95321","681600100","Own","49","Recreation And Parks",,"-119.85373773099997","37.880830367000044",,
"344","Cabin #91","32560 Mather Rd","Groveland","95321","681600100","Own","49","Recreation And Parks",,"-119.85373773099997","37.880830367000044",,
"345","Cabin #92","32560 Mather Rd","Groveland","95321","681600100","Own","49","Recreation And Parks",,"-119.85373773099997","37.880830367000044",,
"346","Cabin #93","32560 Mather Rd","Groveland","95321","681600100","Own","49","Recreation And Parks",,"-119.85373773099997","37.880830367000044",,
"347","Cabin #94","32560 Mather Rd","Groveland","95321","681600100","Own","49","Recreation And Parks",,"-119.85373773099997","37.880830367000044",,
"348","Cabin #95","32560 Mather Rd","Groveland","95321","681600100","Own","49","Recreation And Parks",,"-119.85373773099997","37.880830367000044",,
"349","Cabin #96","32560 Mather Rd","Groveland","95321","681600100","Own","49","Recreation And Parks",,"-119.85373773099997","37.880830367000044",,
"350","Cabin #97","32560 Mather Rd","Groveland","95321","681600100","Own","49","Recreation And Parks",,"-119.85373773099997","37.880830367000044",,
"354","Cabins #102 & #103","32560 Mather Rd","Groveland","95321","681600100","Own","49","Recreation And Parks",,"-119.85373773099997","37.880830367000044",,
"355","Cabins #104 & #105","32560 Mather Rd","Groveland","95321","681600100","Own","49","Recreation And Parks",,"-119.85373773099997","37.880830367000044",,
"356","Cabins #106 & #107","32560 Mather Rd","Groveland","95321","681600100","Own","49","Recreation And Parks",,"-119.85373773099997","37.880830367000044",,
"357","Cabins #108 & #109","32560 Mather Rd","Groveland","95321","681600100","Own","49","Recreation And Parks",,"-119.85373773099997","37.880830367000044",,
"358","Cabins #110 & #111","32560 Mather Rd","Groveland","95321","681600100","Own","49","Recreation And Parks",,"-119.85373773099997","37.880830367000044",,
"359","Cabins #112 & #114","32560 Mather Rd","Groveland","95321","681600100","Own","49","Recreation And Parks",,"-119.85373773099997","37.880830367000044",,
"360","Cabins #115 & #116","32560 Mather Rd","Groveland","95321","681600100","Own","49","Recreation And Parks",,"-119.85373773099997","37.880830367000044",,
"361","Cabins #117 & #118","32560 Mather Rd","Groveland","95321","681600100","Own","49","Recreation And Parks",,"-119.85373773099997","37.880830367000044",,
"362","Cabins #119 & #120","32560 Mather Rd","Groveland","95321","681600100","Own","49","Recreation And Parks",,"-119.85373773099997","37.880830367000044",,
"363","Cabins #66 & #67","32560 Mather Rd","Groveland","95321","681600100","Own","49","Recreation And Parks",,"-119.85373773099997","37.880830367000044",,
"364","Cabins #76 & #77","32560 Mather Rd","Groveland","95321","681600100","Own","49","Recreation And Parks",,"-119.85373773099997","37.880830367000044",,
"365","Cabins #79 & #80","32560 Mather Rd","Groveland","95321","681600100","Own","49","Recreation And Parks",,"-119.85373773099997","37.880830367000044",,
"367","Cabrillo Clubhouse","858 38th Ave","San Francisco","94121","1681013","Own","49","Recreation And Parks","1,420","-122.49847352999996","37.77309409700007","1",
"369","Cabrillo Storage Shed","858 38th Ave","San Francisco","94121","1681013","Own","49","Recreation And Parks",,"-122.49871645999997","37.77310620900005","1",
"376","Camp Mather","25250 Mather Rd","Groveland","95321","681600100","Own","49","Recreation And Parks",,"-119.85613576899999","37.881269985000074",,
"377","Camp Mather First Aid Cabin","32560 Mather Rd","Groveland","95321","681600100","Own","49","Recreation And Parks",,"-119.857534397","37.881932981000034",,
"378","Camp Mather General Store","32560 Mather Rd","Groveland","95321","681600100","Own","49","Recreation And Parks",,"-119.85542499299999","37.883013781000045",,
"379","Camp Mather Nurse's Cabin","32560 Mather Rd","Groveland","95321","681600100","Own","49","Recreation And Parks",,"-119.85717913499997","37.88203507600008",,
"380","Camp Mather Office","35250 Mather Rd","Groveland","95321","681600100","Own","49","Recreation And Parks",,"-119.85569019599995","37.88270314400006",,
"381","Camp Mather Priest Cabin","32560 Mather Rd","Groveland","95321","681600100","Own","49","Recreation And Parks",,"-119.85613576899999","37.881269985000074",,
"382","Camp Mather Rest Room D","32560 Mather Rd","Groveland","95321","681600100","Own","49","Recreation And Parks",,"-119.85422531999995","37.88060417300005",,
"383","Camp Mather Stage","32560 Mather Rd","Groveland","95321","681600100","Own","49","Recreation And Parks",,"-119.85667237499996","37.88295816700003",,
"387","Carousel Concession Stand","320 Bowling Green Dr","San Francisco","94117","1263011","Own","49","Recreation And Parks","663","-122.45823527299996","37.768042241000046","7",
"388","Carousel Maint Bldg","320 Bowling Green Dr","San Francisco","94117","1263011","Own","49","Recreation And Parks","341","-122.45823034399996","37.76772648900004","7",
"412","Cayuga Clubhouse","301 Naglee Ave","San Francisco","94117","7095B002","Own","49","Recreation And Parks","900","-122.44981270799997","37.71421200200007","11",
"448","Central Pump Station","Overlook Dr & Transverse Dr","San Francisco","94122","1263011","Own","49","Recreation And Parks",,"-122.482150478","37.769367514000066","4",
"456","Chain of Lakes Bathroom","Chain of Lakes Dr & John F Kennedy Dr","San Francisco","94117","1263011","Own","49","Recreation And Parks",,"-122.50196414999999","37.76790293500005","1",
"458","Chalet Soccer Fields Restrooms","1901 John F Kennedy Dr","San Francisco","94117","1263011","Own","49","Recreation And Parks",,"-122.50796999999994","37.76727100000005","4",
"460","Charlie Sava Community Pool","2695 19th Ave","San Francisco","94116","2420001","Own","49","Recreation And Parks","12,900","-122.47569805199998","37.73778723600003","4",
"471","Chinese Pavilion","50 Stow Lake Dr","San Francisco","94117","1263011","Own","49","Recreation And Parks","1,508","-122.47361367099995","37.768383707000055","7",
"476","Chlorine Station","Hyde St & Greenwich St","San Francisco","94109","0070001","Own","49","Recreation And Parks",,"-122.41972577499996","37.80116592600007","3",
"478","Christopher Clubhouse","5210 Diamond Heights Blvd","San Francisco","94131","7521007","Own","49","Recreation And Parks","2,337","-122.44023304499996","37.74398632300006","8",
"479","Christopher Performance Space","5210 Diamond Heights Blvd","San Francisco","94131","7521007","Own","49","Recreation And Parks",,"-122.44027150799997","37.74375239200003","8",
"3001","Coffman Community Pool","1701 Visitacion Ave","San Francisco","94134","6190066","Own","49","Recreation And Parks","2,289","-122.41581462899995","37.71325907800008","10",
"501","Coit Tower","1 Telegraph Hill Blvd","San Francisco","94133","0086012","Own","49","Recreation And Parks","5,687","-122.40576431799997","37.80236885100004","3",
"511","Compost Area","Overlook Dr & Transverse Dr","San Francisco","94117","1263011","Own","49","Recreation And Parks",,"-122.48175930599996","37.771428824000054","1",
"512","Connolly CPA Maintenance Facility","Kezar Dr & Martin Luther King Jr Dr","San Francisco","94117","1263011","Own","49","Recreation And Parks",,"-122.45791941599998","37.76705866400005","5",
"513","Conservatory Bathroom","100 John F Kennedy Dr","San Francisco","94117","1263011","Own","49","Recreation And Parks","690","-122.46014081399994","37.773141949000035","1",
"514","Conservatory Greenhouse 1","100 John F Kennedy Dr","San Francisco","94117","1263011","Own","49","Recreation And Parks","1,932","-122.46038418599994","37.77312000200004","1",
"515","Conservatory Greenhouse 2","100 John F Kennedy Dr","San Francisco","94117","1263011","Own","49","Recreation And Parks","1,475","-122.46015973699997","37.77305305300007","1",
"516","Conservatory Greenhouse 3","100 John F Kennedy Dr","San Francisco","94117","1263011","Own","49","Recreation And Parks","1,645","-122.46008376399999","37.77300185800004","1",
"517","Conservatory Greenhouse 4","100 John F Kennedy Dr","San Francisco","94117","1263011","Own","49","Recreation And Parks","2,294","-122.46013021199997","37.77310240600008","1",
"518","Conservatory Greenhouse 6","100 John F Kennedy Dr","San Francisco","94118","1263011","Own","49","Recreation And Parks","2,708","-122.46050155899997","37.77305884700007","1",
"519","Conservatory Lath House","100 John F Kennedy Dr","San Francisco","94117","1263011","Own","49","Recreation And Parks","1,320","-122.46063628899998","37.77283541800006","1",
"520","Conservatory Maintenance Building","100 John F Kennedy Dr","San Francisco","94117","1263011","Own","49","Recreation And Parks",,"-122.46030894199998","37.77299628700007","1",
"521","Conservatory Maintenance Building 2","100 John F Kennedy Dr","San Francisco","94117","1263011","Own","49","Recreation And Parks",,"-122.46026337599994","37.77304524600004","1",
"522","Conservatory of Flowers","100 John F Kennedy Dr","San Francisco","94117","1263011","Own","49","Recreation And Parks","27,900","-122.46020818699998","37.772642519000044","1",
"523","Conservatory Orchid House","100 John F Kennedy Dr","San Francisco","94117","1263011","Own","49","Recreation And Parks",,"-122.46036309399994","37.772709364000036","1",
"524","Conservatory Rose House","100 John F Kennedy Dr","San Francisco","94117","1263011","Own","49","Recreation And Parks",,"-122.46036309399994","37.772709364000036","1",
"525","Conservatory Staff Bathroom/Storage","100 John F Kennedy Dr","San Francisco","94117","1263011","Own","49","Recreation And Parks","480","-122.46036309399994","37.772709364000036","1",
"526","Conservatory Storage","100 John F Kennedy Dr","San Francisco","94117","1263011","Own","49","Recreation And Parks",,"-122.46036309399994","37.772709364000036","1",
"527","Conservatory Workroom & Kitchen","100 John F Kennedy Dr","San Francisco","94117","1263011","Own","49","Recreation And Parks",,"-122.46036309399994","37.772709364000036","1",
"532","Corp Cabin","32560 Mather Rd","Groveland","95321","681600100","Own","49","Recreation And Parks",,"-119.85613576899999","37.881269985000074",,
"537","Corporate Yard Maintenance Facility","100 Martin Luther King Dr","San Francisco","94117","1263011","Own","49","Recreation And Parks",,"-122.46093503099996","37.76866940300005","7",
"538","Corporate Yard Storage","100 Martin Luther King Dr","San Francisco","94117","1263011","Own","49","Recreation And Parks",,"-122.46110759499999","37.768505495000056","7",
"533","Corp Yard Gas Station","100 Martin Luther King Dr","San Francisco","94117","1263011","Own","49","Recreation And Parks","5,929","-122.46061627999995","37.76894882000005","7",
"536","CORP. YARD MAIN OFFICE/SHOP*","501 Stanyan St","San Francisco","94117","1263011","Own","49","Recreation And Parks","1,275","-122.46036739199997","37.76870077900003","7",
"3051","CORP. YARD P.PATROL/SHOPS*","100 Martin Luther King Dr","San Francisco","94117","1263011","Own","49","Recreation And Parks",,"-122.46120279899998","37.76739270000007","7",
"3050","CORP YARD / Warehouse","100 Martin Luther King Dr","San Francisco","94117","1263011","Own","49","Recreation And Parks",,"-122.46120279899998","37.76739270000007","7",
"545","County Fair Building -  Hall of Flowers","1199 09th Ave","San Francisco","94122","1263011","Own","49","Recreation And Parks","21,352","-122.46713567999996","37.766555210000035","7",
"551","Cow Hollow Clubhouse","1 Miley St","San Francisco","94123","0942029","Own","49","Recreation And Parks","675","-122.44473816899995","37.79741037900004","2",
"553","CREW Building (near Forestry Center)","1000 Great Hwy","San Francisco","94117","1263011","Own","49","Recreation And Parks","448","-122.483741512","37.76753983900005","4",
"554","Crocker Amazon Clubhouse","799 Moscow St","San Francisco","94112","6284A001","Own","49","Recreation And Parks","912","-122.43191401999997","37.71518406300004","11",
"555","Crocker Amazon Fieldhouse","799 Moscow St","San Francisco","94112","6284A001","Own","49","Recreation And Parks",,"-122.42928147599997","37.71387872400004","11",
"556","Crocker Amazon Maintenance","799 Moscow St","San Francisco","94112","6284A001","Own","49","Recreation And Parks",,"-122.42750108599995","37.713712255000075","11",
"558","Crocker Amazon Soccer Field Grandstand","799 Moscow St","San Francisco","94112","6284A001","Own","49","Recreation And Parks","23,128","-122.430006274","37.713554473000045","11",
"589","Double Dutch Head House","100 Martin Luther King Dr","San Francisco","94117","1263011","Own","49","Recreation And Parks",,"-122.50917300299994","37.77044896900003","1",
"590","Douglass Clubhouse","1100 Douglass St","San Francisco","94114","7500001","Own","49","Recreation And Parks","1,072","-122.43839254899996","37.74782261400003","8",
"591","Douglass Restrooms","1100 Douglass St","San Francisco","94131","7500001","Own","49","Recreation And Parks",,"-122.43843593799994","37.74782079300007","8",
"618","Dupont Courts Restrooms","340 31st Ave","San Francisco","94121","1403007","Own","49","Recreation And Parks","440","-122.49085497299995","37.782877702000064","1",
"620","Dutch Windmill","John F Kennedy Dr & Great Hwy","San Francisco","94117","1263011","Own","49","Recreation And Parks","5,831","-122.50938264899997","37.770453545000066","1",
"621","Dutch Windmill Maintenance Fac 1","John F Kennedy Dr & Great Hwy","San Francisco","94117","1263011","Own","49","Recreation And Parks",,"-122.50914525999997","37.77032728800003","1",
"622","Dutch Windmill Maintenance Fac 2","John F Kennedy Dr & Great Hwy","San Francisco","94117","1263011","Own","49","Recreation And Parks",,"-122.50907217699995","37.77028491400006","1",
"623","Dutch Windmill Pump Station","John F Kennedy Dr & Great Hwy","San Francisco","94117","1263011","Own","49","Recreation And Parks","426","-122.50916897899998","37.77025603300007","1",
"630","Electrical & Iron Shops","100 Martin Luther King Dr","San Francisco","94117","1263011","Own","49","Recreation And Parks","4,488","-122.461981977","37.76842861700004","7",
"631","Elk Glen Pump Station","Martin Luther King  Jr Dr & 25th Ave","San Francisco","94117","1263011","Own","49","Recreation And Parks","3,180","-122.48246276399999","37.76768243200007","4",
"634","Emergency Equipment Storage","100 Martin Luther King Dr","San Francisco","94117","1263011","Own","49","Recreation And Parks",,"-122.46156374799995","37.76837306700003","7",
"642","Equestrian Center Stables","Golden Gate Equestrian Center","San Francisco","94122","1263011","Own","49","Recreation And Parks","14,608","-122.49415588699998","37.76937736800005","4",
"643","Equestrian Ctr Shed 1","1451 John F Kennedy Dr","San Francisco","94117","1263011","Own","49","Recreation And Parks","4,824","-122.49443037199995","37.76942094300006","4",
"644","Equestrian Ctr. Shed 2","1451 John F Kennedy Dr","San Francisco","94117","1263011","Own","49","Recreation And Parks","1,200","-122.49429278499997","37.769094592000044","4",
"647","Esprit Park Maintenance Facility","700 Minnesota St","San Francisco","94107","4061002","Own","49","Recreation And Parks",,"-122.39101348699995","37.761104816000056","10",
"649","Eureka Valley Rec Center","100 Collingwood St","San Francisco","94114","2694002","Own","49","Recreation And Parks","16,250","-122.43641240399995","37.76017079300004","8",
"652","Excelsior Clubhouse","579  Madrid St","San Francisco","94112","6088008","Own","49","Recreation And Parks","2,255","-122.43360155999994","37.72024711300003","11",
"675","Fay House","2366 Leavenworth St","San Francisco","94133","0067014A","Own","49","Recreation And Parks","4,536","-122.41787340899998","37.80303625400006","3",
"683","Fillmore/Turk Performance Spaces","1140 Fillmore St","San Francisco","94115","0756016","Own","49","Recreation And Parks",,"-122.43167115899996","37.78021077000005","5",
"758","Franklin Square Maint Facilities","2500 17th St","San Francisco","94110","3963001","Own","49","Recreation And Parks","1,200","-122.40844859199996","37.76535087800005","9",
"760","Fulton Clubhouse","855 27th Ave","San Francisco","94121","1670009","Own","49","Recreation And Parks","1,420","-122.48683658799996","37.773549983000066","1",
"761","Fulton Storage Shed","855 27th Ave","San Francisco","94121","1670009","Own","49","Recreation And Parks","38","-122.48732230799999","37.77354795600007","1",
"762","Funston Senior Center","1800 Chestnut St","San Francisco","94123","0469001","Own","49","Recreation And Parks","621","-122.43317250599995","37.801412783000046","2",
"768","Garfield Square Clubhouse","3100 26th St","San Francisco","94110","6523001","Own","49","Recreation And Parks","2,320","-122.41198604099998","37.74993629200003","9",
"769","Garfield Square Community Pool","3100 26th St","San Francisco","94110","6523001","Own","49","Recreation And Parks","18,840","-122.41244032899999","37.74994650600007","9",
"778","General Manager's Cabin","32560 Mather Rd","Groveland","95321","681600100","Own","49","Recreation And Parks",,"-119.85278212499998","37.881445142000075",,
"780","Geneva Carbarn","2301 San Jose Ave","San Francisco","94112","6972036","Own","49","Recreation And Parks",,"-122.44594845499995","37.71977094600004","11",
"788","GGP -- Convenience Station","Middle Dr  Gg Park","San Francisco","94122","1263011","Own","49","Recreation And Parks",,"-122.481128609","37.76930802000004","4",
"3479","GGP Equestrian Center","1451 John F Kennedy Dr","San Francisco","94117","1263011","Own","49","Recreation And Parks",,"-122.49399566699998","37.76970571100003","4",
"789","GGP -- Gardener's Shack","4050 Lincoln Way","San Francisco","94122","1263011","Own","49","Recreation And Parks",,"-122.50148460099996","37.764610005000065","4",
"796","GGP Golf Club and Restaurant","970 47th Ave","San Francisco","94121","1263011","Own","49","Recreation And Parks","1,450","-122.50657858299996","37.76903766200007","1",
"797","GGP Golf Club Maintenance Bldg","970 47th Ave","San Francisco","94121","1263011","Own","49","Recreation And Parks","432","-122.50657858299996","37.76903766200007","1",
"798","GGP Golf Club Restroom (westend)","970 47th Ave","San Francisco","94121","1263011","Own","49","Recreation And Parks","588","-122.50657858299996","37.76903766200007","1",
"799","GGP Golf Course Clubhouse","970 47th Ave","San Francisco","94117","1263011","Own","49","Recreation And Parks","5,026","-122.50658690099999","37.76910127700006","1",
"801","GGP Greenhouses","100 Martin Luther King Dr","San Francisco","94117","1263011","Own","49","Recreation And Parks",,"-122.46184330999995","37.76870797600003","7",
"802","GGP Maintenance Bldg","970 47th Ave","San Francisco","94121","1263011","Own","49","Recreation And Parks","432","-122.50657858299996","37.76903766200007","1",
"792","GGP -- McQueen Reclamation Plant","Gg Park  Middle Dr Nr Elk Glen","San Francisco","94118","1263011","Own","49","Recreation And Parks",,"-122.48263511199997","37.767537050000044","4",
"2038","GGP -- North Lake Pump Station","21 CHAIN OF LAKES DR","San Francisco","94118","1263011","Own","49","Recreation And Parks",,"-122.50292579899997","37.770865884000045","1",
"803","GGP Nursery","100 Martin Luther King Jr Dr","San Francisco","94122","1263011","Own","49","Recreation And Parks","5,016","-122.46158911899994","37.767527607000034","7",
"793","GGP -- Reservoir and Pump Station","20 Overlook Dr","San Francisco","94122","1263011","Own","49","Recreation And Parks",,"-122.48059726099996","37.77057286500008","1",
"804","Ghirardelli Rustic Structure","201 Conservatory Dr West","San Francisco","94117","1263011","Own","49","Recreation And Parks","1,794","-122.46155807999997","37.77313797700003","1",
"805","Gilman Bathrooms","993 Gilman Ave","San Francisco","94124","4945006","Own","49","Recreation And Parks","270","-122.38833113999999","37.716828649000036","10",
"806","Gilman Clubhouse","993 Gilman Ave","San Francisco","94124","4945006","Own","49","Recreation And Parks","1,308","-122.38833113999999","37.716828649000036","10",
"812","Gleneagles Golf Course Clubhouse","2100 Sunnydale Ave","San Francisco","94134","6190066","Own","49","Recreation And Parks","2,000","-122.42439110799995","37.71602401300004","10",
"811","Glen Park Rec Center","70 Elk St","San Francisco","94131","7560002","Own","49","Recreation And Parks","15,200","-122.44084568999995","37.73713482800008","8",
"3057","GOLDEN GATE HEIGHTS PK RESTRM","12th Ave & Rockridge Dr","San Francisco","94116","2132A001","Own","49","Recreation And Parks",,"-122.46878054099994","37.75021465800006","7",
"813","Golden Gate Park Senior Center","6101 Fulton St","San Francisco","94117","1263011","Own","49","Recreation And Parks",,"-122.49706020899998","37.77154730800004","1",
"816","Golden Gate Yacht Club","1 Yacht Rd","San Francisco","94123","0900003","Own","49","Recreation And Parks","1,500","-122.44690617699996","37.807189599000026","2",
"820","Grattan Clubhouse","1180 Stanyan St","San Francisco","94117","1283001","Own","49","Recreation And Parks","1,854","-122.45198715799995","37.76265664300007","8",
"3498","Guy Place Mini Park","4 Guy Pl","San Francisco","94105","3749005","Own","49","Recreation And Parks",,"-122.39438597199995","37.78667542100004","6",
"834","Haight St Entrance Bathrooms","Stanyan St & Haight St","San Francisco","94117","1263011","Own","49","Recreation And Parks",,"-122.45423098999999","37.769853726000065","5",
"836","Hamilton Community Pool","1900 Geary Blvd","San Francisco","94115","0703002","Own","49","Recreation And Parks","25,209","-122.43548922499997","37.78455750000006","5",
"839","Hamilton Pool Administration Bldg","1900 Geary Blvd","San Francisco","94115","0703002","Own","49","Recreation And Parks",,"-122.43502743599998","37.78460997600007","5",
"840","Hamilton Rec Center","1900 Geary Blvd","San Francisco","94115","0703002","Own","49","Recreation And Parks","13,527","-122.43528773699995","37.78457367300007","5",
"841","Hand/Raquetball Maint. Facility","Nancy Pelosi Dr & Martin Luther King Jr Dr","San Francisco","94117","1263011","Own","49","Recreation And Parks",,"-122.46467587599994","37.76867678100007","7",
"843","Harbormasters Office","3950 Scott St","San Francisco","94123","0900003","Own","49","Recreation And Parks","1,500","-122.44264538099998","37.80664163600005",,
"844","Harding Golf Cart House","99 Harding Rd","San Francisco","94132","7283004","Own","49","Recreation And Parks","4,920","-122.49282680099998","37.72631819800006","7",
"845","Harding Park Concession","99 Harding Rd","San Francisco","94132","7283004","Own","49","Recreation And Parks",,"-122.49272233899995","37.72632121500004","7",
"846","Harding Park Equipment Storage","99 Harding Rd","San Francisco","94132","7283004","Own","49","Recreation And Parks","2,280","-122.48548695999995","37.718999875000065","7",
"848","Harding Park Maintenance Bldg","99 Harding Rd","San Francisco","94132","7283004","Own","49","Recreation And Parks","8,001","-122.48576749399996","37.71836911100007","7",
"849","Harding Park Storage Bldg","99 Harding Rd","San Francisco","94132","7283004","Own","49","Recreation And Parks","576","-122.48625251499999","37.71801603200004","7",
"850","HARDING SPORTS CENTER*","99 Harding Rd","San Francisco","94132","7283004","Own","49","Recreation And Parks","1,000","-122.49944140499997","37.72550797700006","7",
"853","Harvey Milk Recreational Arts Bldg","50 Scott St","San Francisco","94117","0876001","Own","49","Recreation And Parks","19,446","-122.43456497399995","37.76945790800005","8",
"854","Hayes Valley Clubhouse","689 Hayes St","San Francisco","94102","0819026","Own","49","Recreation And Parks","2,187","-122.427570334","37.77609101100006","5",
"857","Helen Crocker Russell Library of Horticulture","1199 09th Ave","San Francisco","94117","1263011","Own","49","Recreation And Parks",,"-122.46741594399998","37.76696902400005","7",
"858","Helen Wills Clubhouse","1401 Broadway","San Francisco","94109","0573001","Own","49","Recreation And Parks","3,082","-122.42027993299996","37.79576853900005","3",
"859","Hellman Hollow Restrooms","800 John F Kennedy Dr","San Francisco","94117","1263011","Own","49","Recreation And Parks",,"-122.48471988099999","37.76952793100003","4",
"863","Herschell-Spillman Carousel","Martin Luther King Jr Dr & Kezar Dr","San Francisco","94117","1263011","Own","49","Recreation And Parks",,"-122.45802537199995","37.76790318900004","7",
"864","Herz Clubhouse","1700 Visitacion Ave","San Francisco","94134","6190066","Own","49","Recreation And Parks","12,125","-122.41635652499997","37.71379318400005","10",
"871","Hilltop Park Bathrooms","2 Willie B Kennedy Dr","San Francisco","94124","4713013","Own","49","Recreation And Parks","442","-122.38255426199999","37.733070578000024","10",
"872","Hilltop Park Performance Spaces","2 Willie B Kennedy Dr","San Francisco","94124","4713013","Own","49","Recreation And Parks",,"-122.38381575499994","37.73297175300007","10",
"875","Holly Park Bathrooms","Holly Park Cir & Highland Ave","San Francisco","94110","PARKHOLL","Own","49","Recreation And Parks","420","-122.42005676199994","37.736765424000055","9",
"876","Horseshoe Pits Bathroom","Stanyan St & Fulton St","San Francisco","94117","1263011","Own","49","Recreation And Parks","264","-122.45598033699997","37.77375408300003","1",
"885","Huntington Park Fountains","1000 Taylor St","San Francisco","94108","0245002","Own","49","Recreation And Parks",,"-122.41215294699998","37.79216575600003","3",
"886","Huntington Park Maint Bldgs","1000 Taylor St","San Francisco","94108","0245002","Own","49","Recreation And Parks",,"-122.41208713599997","37.791885516000036","3",
"887","HUNTINGTON PARK: RESTROOM","California St & Taylor St","San Francisco","94108","0245002","Own","49","Recreation And Parks","308","-122.41228723599994","37.792064940000046","3",
"889","Hyde St. Harbor â€“ JOS Building","2949 Hyde St","San Francisco","94109","0405004","Own","49","Recreation And Parks",,"-122.42084937999999","37.807840095000074","2",
"911","Jackson Clubhouse","1645 17th St","San Francisco","94107","3981001","Own","49","Recreation And Parks","5,040","-122.39960726099997","37.76431491900007","10",
"912","Jackson Maintenance Facilities","1645 17th St","San Francisco","94107","3981001","Own","49","Recreation And Parks","1,200","-122.40039780199999","37.764765698000076","10",
"910","Jack Spring Dining Hall","32560 Mather Rd","Groveland","95321","681600100","Own","49","Recreation And Parks",,"-119.85711392499996","37.88350151900005",,
"915","Jake Sigg Stewardship Center (Park AID)","811 Stanyan St","San Francisco","94117","1700001","Own","49","Recreation And Parks",,"-122.45329733999995","37.76699204200003","5",
"917","James Lang Fieldhouse & Bleachers","1016 Laguna St","San Francisco","94102","0759001","Own","49","Recreation And Parks","4,284","-122.42533582599998","37.78122560200006","5",
"1414","James Rolph Jr Clubhouse","1451 HAMPSHIRE ST","San Francisco","94110","4276014","Own","49","Recreation And Parks","2,730","-122.40664924199996","37.74997568200007","9",
"924","Japanese Pagoda","1610 Geary Blvd","San Francisco","94115","0700022","Own","49","Recreation And Parks","289","-122.42984262099998","37.78511398200004","5",
"3478","Japanese Pagoda","75 Hagiwara Tea Garden Dr","San Francisco","94117","1263011","Own","49","Recreation And Parks",,"-122.47035465899995","37.77011686900005","7",
"926","Japanese Peace Pz Performance Space","1610 Geary Blvd","San Francisco","94115","0700022","Own","49","Recreation And Parks",,"-122.42987823399994","37.78520062500007","5",
"928","Japanese Tea Garden Entry Kiosk","75 Hagiwara Tea Garden Dr","San Francisco","94117","1263011","Own","49","Recreation And Parks","64","-122.47000825599997","37.76982409200008","7",
"927","Japanese Tea Garden (gardener shack)","75 Hagiwara Tea Garden Dr","San Francisco","94118","1263011","Own","49","Recreation And Parks","120","-122.46985810899997","37.77002467700004","7",
"929","Japanese Tea Garden Giftshop","75 Hagiwara Tea Garden Dr","San Francisco","94117","1263011","Own","49","Recreation And Parks","1,690","-122.46968514299999","37.77001860300004","7",
"930","Japanese Tea Garden Men's Bathroom","75 Hagiwara Tea Garden Dr","San Francisco","94117","1263011","Own","49","Recreation And Parks","258","-122.47019668099995","37.770076259000064","7",
"931","Japanese Tea Garden Women's Bathrm","75 Hagiwara Tea Garden Dr","San Francisco","94117","1263011","Own","49","Recreation And Parks",,"-122.46991392299998","37.77030733600003","7",
"932","Japanese Teahouse","75 Hagiwara Tea Garden Dr","San Francisco","94117","1263011","Own","49","Recreation And Parks","2,000","-122.470420349","37.76994780800004","7",
"938","Jefferson Square Bathrooms","997 Gough St","San Francisco","94109","0745001","Own","49","Recreation And Parks","325","-122.42548988399994","37.78154837300008","5",
"939","Jerry Garcia Amphitheatre","61 John F Shelley Dr","San Francisco","94134","6190066","Own","49","Recreation And Parks",,"-122.41739818899998","37.72055504600007","9",
"940","Jerry Garcia Amphitheatre Restroom","61 John F Shelley Dr","San Francisco","94112","6190066","Own","49","Recreation And Parks","900","-122.41690810799997","37.720889302000046","9",
"941","Joe Dimaggio Bathrooms","651 Lombard St","San Francisco","94133","0075001","Own","49","Recreation And Parks","288","-122.41212309099996","37.80278223800008","3",
"942","Joe Dimaggio Clubhouse","651 Lombard St","San Francisco","94133","0075001","Own","49","Recreation And Parks","3,813","-122.41212309099996","37.80278223800008","3",
"949","Jose Coronado Clubhouse","2498 Folsom St","San Francisco","94110","3611013","Own","49","Recreation And Parks","933","-122.41512752399996","37.757563263000065","9",
"951","Joseph Lee Rec Center","1395 Mendell St","San Francisco","94124","5310001","Own","49","Recreation And Parks","17,331","-122.38959952699997","37.73489373100006","10",
"906","J. P. Murphy Clubhouse","1960 09th Ave","San Francisco","94116","2126013","Own","49","Recreation And Parks","1,820","-122.46524647399997","37.75157433500004","7",
"954","Julius Kahn Clubhouse","3550 West Pacific Ave","San Francisco","94118","1300001","Lease","9","Non-City",,"-122.45419487899994","37.791085689000056","2","Recreation And Parks"
"958","Junipero Serra Clubhouse","300 Stonecrest Dr","San Francisco","94132","7237009","Own","49","Recreation And Parks","1,578","-122.47409187399995","37.72510858800007","7",
"962","Justin Herman Vaillancourt Fountain","2 Market St","San Francisco","94111","0233035","Own","49","Recreation And Parks",,"-122.39528152999998","37.79545531800005","3",
"969","Kelloch/Velasco Gazebo","100 Velasco Ave","San Francisco","94134","6361002","Own","49","Recreation And Parks",,"-122.41329579799998","37.70858567100004","10",
"970","Kelloch/Velasco Maintenance Shed","100 Velasco Ave","San Francisco","94134","6361002","Own","49","Recreation And Parks","48","-122.41295723899998","37.70825467000003",,
"971","Kezar Fieldhouse N","755 Stanyan St","San Francisco","94117","1263011","Own","49","Recreation And Parks",,"-122.45600697699996","37.767522574000054","5",
"2041","Kezar Fieldhouse S","755 Stanyan St","San Francisco","94117","1263011","Own","49","Recreation And Parks",,"-122.45601493499998","37.76624106100007","5",
"972","Kezar Pavilion","755 Stanyan St","San Francisco","94117","1263011","Own","49","Recreation And Parks","24,254","-122.45362952699998","37.767538459000036","5",
"973","Kezar Stadium","755 Stanyan St","San Francisco","94117","1263011","Own","49","Recreation And Parks","5,000","-122.45597946799995","37.76689179300007","5",
"974","Kezar Stadium Maintenance Facility","755 Stanyan St","San Francisco","94117","1263011","Own","49","Recreation And Parks","40,464","-122.45444687899999","37.767332354000075","5",
"3004","Lafayette maintenance facility","1925 Gough St","San Francisco","94115","0625003","Own","49","Recreation And Parks",,"-122.42738115199995","37.79183243400007","2",
"983","Lafayette Park Bathrooms","1925 Gough St","San Francisco","94115","0625003","Own","49","Recreation And Parks","592","-122.42811694999995","37.791706677000036","2",
"984","Lafayette Park Maintenance Shed","1925 Gough St","San Francisco","94109","0625003","Own","49","Recreation And Parks",,"-122.42738115199995","37.79183243400007","2",
"979","La Grande Pump Station/Tanks","Ina Ct & La Grande Ave","San Francisco","94112","6190066","Own","49","Recreation And Parks",,"-122.42317721699999","37.72356859900003","11",
"992","Lake Merced Boathouse","1 Harding Rd","San Francisco","94132","7283004","Own","49","Recreation And Parks","8,100","-122.49967527199999","37.72558906800003","7",
"2045","Lake Merced maintenance facility 1","991 Lake Merced Blvd","San Francisco","94132","7283004","Own","49","Recreation And Parks",,"-122.48643254299998","37.71700492900004","7",
"2046","Lake Merced maintenance facility 2","991 Lake Merced Blvd","San Francisco","94132","7283004","Own","49","Recreation And Parks",,"-122.48617064099994","37.71685036000008","7",
"994","Lake Merced Park Pump Station","991 Lake Merced Blvd","San Francisco","94132","7283004","Own","49","Recreation And Parks",,"-122.48578024699998","37.71633699900008","7",
"998","Lakeside Bathouse","32560 Mather Rd","Groveland","95321","681600100","Own","49","Recreation And Parks",,"-119.85434807499996","37.880072219000056",,
"1","Larsen Park Bathrooms","850 Vicente St","San Francisco","94116","2420001","Own","49","Recreation And Parks",,"-122.47615459699995","37.73958747800003","4",
"1000","Laurel Hill Clubhouse","301 Euclid Ave","San Francisco","94118","1068001","Own","49","Recreation And Parks","1,134","-122.45118102299995","37.783718573000044","2",
"1002","Leach Fields","32560 Mather Rd","Groveland","95321","681600100","Own","49","Recreation And Parks",,"-119.85613576899999","37.881269985000074",,
"3005","Lessing/Sears Maintenance Facility","10 Lessing St","San Francisco","94112","7160001","Own","49","Recreation And Parks",,"-122.45527610299996","37.708631068000045","11",
"3006","Lincoln Park Golf Cart Bldg","300 34th Ave","San Francisco","94121","1313028","Own","49","Recreation And Parks","1,920","-122.49832261499995","37.784258410000064","1",
"1011","Lincoln Park Golf Course Clubhouse","300 34th Ave","San Francisco","94121","1313028","Own","49","Recreation And Parks","2,000","-122.49432812099997","37.78226354100008","1",
"1013","Lincoln Park Maintenance Buildings","300 34th Ave","San Francisco","94121","1313028","Own","49","Recreation And Parks","1,125","-122.49832261499995","37.784258410000064","1",
"1014","Lincoln Park Pump Station","36th Ave & Clement St","San Francisco","94121","1313028","Own","49","Recreation And Parks","324","-122.49669138799999","37.78170641500003","1",
"1015","Lincoln Park Restrooms - 300 34th Ave","300 34th Ave","San Francisco","94121","1313028","Own","49","Recreation And Parks",,"-122.49832261499995","37.784258410000064","1",
"1016","Lincoln Park Restrooms - 32nd/Clement","32nd Ave & Clement St","San Francisco","94121","1313028","Own","49","Recreation And Parks",,"-122.49832261499995","37.784258410000064","1",
"1017","Lincoln Park Sm Maint Bldg","300 34th Ave","San Francisco","94121","1313028","Own","49","Recreation And Parks","684","-122.49832261499995","37.784258410000064","1",
"1018","Lincoln Park Tank","39th Ave & Clement St","San Francisco","94121","1313028","Own","49","Recreation And Parks",,"-122.49832261499995","37.784258410000064","1",
"3481","Lindley Meadow Corral","John F Kennedy Dr","San Francisco","94117","1263011","Own","49","Recreation And Parks",,"-122.49081428199997","37.77065319700006","4",
"1019","Little Hollywood Maint Facilities","400 Lathrop Ave","San Francisco","94134","4991081","Own","49","Recreation And Parks",,"-122.39828783299998","37.71027229400005","10",
"3483","Little Speedway Mdw Equestrian Ring","MIddle Drive West","San Francisco","94117","1263011","Own","49","Recreation And Parks",,"-122.49646705599997","37.76674054400007","4",
"1021","Lloyd Lake Pump Station","John F Kennedy Dr & Transverse Dr","San Francisco","94117","1263011","Own","49","Recreation And Parks","255","-122.48127821599996","37.77120213300003","1",
"1030","Louis Sutter Clubhouse","600 University St","San Francisco","94134","6190066","Own","49","Recreation And Parks","2,940","-122.41438610899996","37.72238434900004","9",
"1032","Lower Great Hwy Judah Bathrooms","1401 Great Hwy","San Francisco","94122","GRT  HWY","Own","49","Recreation And Parks","1,560","-122.50956014999997","37.76022757100003","4",
"1033","Lower Great Hwy Taraval Bathrooms","Great Hwy & Taraval St","San Francisco","94122","GRT  HWY","Own","49","Recreation And Parks","1,972","-122.50708415799994","37.74144460900004","4",
"1034","Lower Great Hwy Wawona Bathrooms","Great Hwy & Wawona St","San Francisco","94122","GRT  HWY","Own","49","Recreation And Parks",,"-122.50644929899994","37.73657958600006","4",
"1035","Lower Shang","32560 Mather Rd","Groveland","95321","681600100","Own","49","Recreation And Parks",,"-119.85613576899999","37.881269985000074",,
"1043","Main Head House","100 Conservatory Dr East","San Francisco","94117","1263011","Own","49","Recreation And Parks",,"-122.45951024599998","37.772896600000024","1",
"1049","Margaret S. Hayward Recreation Center","800 Golden Gate Ave","San Francisco","94102","0759001","Own","49","Recreation And Parks","1,257","-122.42687415299997","37.78065675900007","5",
"1054","Marina Green Bathrooms East","150 Marina Blvd","San Francisco","94123","0900003","Own","49","Recreation And Parks","500","-122.43453979699996","37.80646592100004","2",
"1055","Marina Green Bathrooms West","800 Marina Blvd","San Francisco","94123","0900003","Own","49","Recreation And Parks","500","-122.44743086299997","37.80584413200006","2",
"1056","Marina Green Shops/Restaurants","1 Yacht Rd","San Francisco","94123","0900003","Own","49","Recreation And Parks","1,000","-122.44565731699998","37.80700236100006","2",
"1059","Marini Plaza Garden Pond","600 Columbus Ave","San Francisco","94133","0102001","Own","49","Recreation And Parks",,"-122.41069183999997","37.80095578100003","3",
"1064","Martin Luther King Jr Pool","5701 03rd St","San Francisco","94124","5420001","Own","49","Recreation And Parks","23,851","-122.39372042599996","37.72553316700004","10",
"1065","Masonry Shop","100 Martin Luther King Dr","San Francisco","94117","1263011","Own","49","Recreation And Parks","483","-122.46237010299996","37.76866134900007","7",
"1066","Mather Bath House A","32560 Mather Rd","Groveland","95321","681600100","Own","49","Recreation And Parks",,"-119.85752439599997","37.88308764000004",,
"1067","Mather Bath House B","32560 Mather Rd","Groveland","95321","681600100","Own","49","Recreation And Parks",,"-119.85603588999999","37.88370370100006",,
"1068","Mather Bath House C","32560 Mather Rd","Groveland","95321","681600100","Own","49","Recreation And Parks",,"-119.85305408999994","37.88096186000007",,
"1069","Mather Bath House E","32560 Mather Rd","Groveland","95321","681600100","Own","49","Recreation And Parks",,"-119.85186267799997","37.88092411700006",,
"1070","Mather Birch Lake Pool Bath House","32560 Mather Rd","Groveland","95321","681600100","Own","49","Recreation And Parks",,"-119.85439485199998","37.879523205000055",,
"1071","Mather Bunkhouse","32560 Mather Rd","Groveland","95321","681600100","Own","49","Recreation And Parks",,"-119.85510896099998","37.88192392000008",,
"1072","Matthew Boxer Stadium","165 HAVELOCK ST","San Francisco","94112","3179011","Own","49","Recreation And Parks","2,281","-122.44503660099997","37.72610151200007","11",
"1074","Mccoppin Square Clubhouse","2354 24th Ave","San Francisco","94116","2351001","Own","49","Recreation And Parks","2,000","-122.48075886699996","37.74353836200004","4",
"1075","Mccoppin Square Restrooms","2354 24th Ave","San Francisco","94116","2351001","Own","49","Recreation And Parks",,"-122.48090223599996","37.74352929200006","4",
"3486","McCoppin Square Storage Unit","24th & Taraval","San Francisco","94116","2351001","Own","49","Recreation And Parks",,"-122.47930539099997","37.744100407000076","4",
"1077","McLaren Lodge","501 Stanyan St","San Francisco","94117","1263011","Own","49","Recreation And Parks","4,964","-122.45450307099998","37.77217608900003","1",
"1078","McLaren Lodge Annex","501 Stanyan St","San Francisco","94117","1263011","Own","49","Recreation And Parks","12,288","-122.45494985199997","37.77230508700006","1",
"1079","McLaren maintenance building","University St & Woolsey St","San Francisco","94134","6190066","Own","49","Recreation And Parks",,"-122.41338374299994","37.72173764000007","9",
"1080","McLaren maintenance shed","University St & Woolsey St","San Francisco","94134","6190066","Own","49","Recreation And Parks",,"-122.41308664799999","37.72179887800007","9",
"1081","McLaren maintenance yard","University St & Woolsey St","San Francisco","94134","6190066","Own","49","Recreation And Parks",,"-122.41285102399996","37.72192978100003","9",
"2048","Mclaren Park Bathrooms","1100 Mansell St","San Francisco","94134","6190066","Own","49","Recreation And Parks",,"-122.41266359199994","37.719160352000074","9",
"1083","McLaren Park Caretaker's Cabin","John F Shelley Dr & Cambridge St","San Francisco","94134","6190066","Own","49","Recreation And Parks",,"-122.41648072199996","37.720623395000075","9",
"1084","Mclaren Park La Grande Tank","61 John F Shelley Dr","San Francisco","94134","6190066","Own","49","Recreation And Parks",,"-122.42420507599996","37.72312695800008","11",
"1085","Mclaren Park Mansell Clubhouse","1701 Visitacion Ave","San Francisco","94134","6190066","Own","49","Recreation And Parks",,"-122.41622166199994","37.71369383100006","10",
"1082","Mclaren Park - Wilde Tower","895 Mansell St","San Francisco","94134","6190066","Own","49","Recreation And Parks",,"-122.40992127599998","37.71874717600008","10",
"1088","Mclaren Upper Reservoir Water Tanks","1100 Mansell St","San Francisco","94134","6190066","Own","49","Recreation And Parks",,"-122.41914188799996","37.71805159300004","10",
"1094","Merced Heights Clubhouse","801 Shields St","San Francisco","94132","7078049","Own","49","Recreation And Parks","1,136","-122.47007230399998","37.71771849000004","11",
"1100","Michelangelo Gardeners Shed","1055 Greenwich St","San Francisco","94133","0093024","Own","49","Recreation And Parks",,"-122.41678040399995","37.80126911800005","3",
"1101","MICHELANGELO PLAYGROUND CTR","1055 Greenwich St","San Francisco","94133","0093024","Own","49","Recreation And Parks","629","-122.41693187399994","37.801214480000056","3",
"1105","Midtown Terrace Clubhouse","210 Olympia Way","San Francisco","94131","2736002","Own","49","Recreation And Parks","2,176","-122.45585129899996","37.751588552000044","7",
"1107","Millwright's House","2100 Martin Luther King Jr Dr","San Francisco","94117","1263011","Own","49","Recreation And Parks",,"-122.50900831499996","37.77034555700004","1",
"1108","Minnie & Lovie Ward Rec Center","650 Capitol Ave","San Francisco","94112","7068001","Own","49","Recreation And Parks","18,565","-122.45817562899998","37.71626964400008","11",
"1109","Miraloma Clubhouse","25 Omar Way","San Francisco","94127","2955B001","Own","49","Recreation And Parks","1,352","-122.44941089399998","37.73916391000006","7",
"1120","Mission Community Pool","3555 19th St","San Francisco","94110","3597061","Own","49","Recreation And Parks",,"-122.42265676499994","37.75947939800005","9",
"1122","Mission Dolores Park Clubhouse","646 Dolores St","San Francisco","94110","3586001","Own","49","Recreation And Parks","2,100","-122.42686802499998","37.759575924000046","8",
"1127","Mission PG Clubhouse","3555 19th St","San Francisco","94110","3597061","Own","49","Recreation And Parks",,"-122.42248002699995","37.759537428000044","9",
"1129","Mission Rec Center","2450 Harrison St","San Francisco","94110","3612003","Own","49","Recreation And Parks","20,514","-122.41258602199997","37.75814873400003","9",
"1134","Model Yacht Clubhouse","John F Kennedy Dr & 36th Ave","San Francisco","94117","1263011","Own","49","Recreation And Parks","3,168","-122.49560091799998","37.770207603000074","1",
"1138","Moscone Bathrooms","1800 Chestnut St","San Francisco","94123","0469001","Own","49","Recreation And Parks","500","-122.43460643999998","37.80219691700006","2",
"1142","Moscone Fieldhouse and Bleachers","1800 Chestnut St","San Francisco","94123","0469001","Own","49","Recreation And Parks",,"-122.43392199999994","37.80274379000008","2",
"1143","Moscone Maintenance Facility","1800 Chestnut St","San Francisco","94123","0469001","Own","49","Recreation And Parks","1,200","-122.43285588899994","37.801560952000045","2",
"2049","Moscone Rec Center","1800 Chestnut St","San Francisco","94123","0469001","Own","49","Recreation And Parks","8,929","-122.43304599299995","37.80145337000005","2",
"2052","Mothers Meadow Bathroom","Martin Luther King Dr & 19th Ave","San Francisco","94117","1263011","Own","49","Recreation And Parks",,"-122.47668739299996","37.766398378000076","7",
"2054","Mountain Lake Park Bathrooms","1 11th Ave","San Francisco","94118","1345001","Own","49","Recreation And Parks","448","-122.47176622099994","37.78697414700008","1",
"2055","Mountain Lake Park Card Shelter","1 11th Ave","San Francisco","94118","1345001","Own","49","Recreation And Parks",,"-122.46832685099997","37.78747903300007","1",
"3473","MS Hayward Historic Clubhouse","1016 Laguna St","San Francisco","94102","0759001","Own","49","Recreation And Parks",,"-122.42671429999996","37.780747493000035","5",
"1177","Murphy Windmill","2100 Martin Luther King Jr Dr","San Francisco","94117","1263011","Own","49","Recreation And Parks","2,640","-122.50868981499997","37.76497993100003","4",
"1178","Murphy Windmill Pump Station","Martin Luther King Dr & Lincoln Way","San Francisco","94117","1263011","Own","49","Recreation And Parks","500","-122.50843094599998","37.76516858800005","4",
"1179","Music Concourse","50 Hagiwara Tea Garden Dr","San Francisco","94117","1263011","Own","49","Recreation And Parks",,"-122.46788277799999","37.77033578000004","7",
"1180","Music Concourse Garage","10th Ave & Fulton St","San Francisco","94122","1263011","Own","49","Recreation And Parks","300,000","-122.46748755899995","37.77063553200003","7",
"1185","Noe Valley Courts Bathrooms","780 Douglass St","San Francisco","94114","2829001","Own","49","Recreation And Parks","390","-122.43920196699997","37.751480566000055","8",
"2064","North Beach Swimming Pool","651 Lombard St","San Francisco","94133","0075001","Own","49","Recreation And Parks","12,283","-122.41231917399995","37.80279643600005","3",
"1366","North Deep Well Pump Station","Fulton St & Chain of Lakes Dr","San Francisco","94117","1263011","Own","49","Recreation And Parks","500","-122.50590553099994","37.771245031000035","1",
"1193","Nursery Bathrooms","100 Martin Luther King Dr","San Francisco","94117","1263011","Own","49","Recreation And Parks",,"-122.46235822899996","37.76850063000006","7",
"1194","Nursery Cold Frames","100 Martin Luther King Dr","San Francisco","94117","1263011","Own","49","Recreation And Parks",,"-122.46226988099994","37.76868561600003","7",
"3072","NURSERY-COLD HOUSE","100 Martin Luther King Dr","San Francisco","94117","1263011","Own","49","Recreation And Parks",,"-122.46231568899998","37.76864642700008","7",
"3073","NURSERY-HOT HOUSE","100 Martin Luther King Dr","San Francisco","94117","1263011","Own","49","Recreation And Parks",,"-122.46215383699996","37.768329315000074","7",
"1195","Nursery Potting Sheds","100 Martin Luther King Dr","San Francisco","94117","1263011","Own","49","Recreation And Parks",,"-122.46104701099995","37.76833210900003","7",
"1196","Nursery Shade Houses","100 Martin Luther King Dr","San Francisco","94117","1263011","Own","49","Recreation And Parks",,"-122.46204837599998","37.76809895400004","7",
"3071","Nursery Storage Sheds*","100 Martin Luther King Dr","San Francisco","94117","1263011","Own","49","Recreation And Parks",,"-122.46120279899998","37.76739270000007","7",
"1215","Paint & Carpentry Shop","100 Martin Luther King Dr","San Francisco","94117","1263011","Own","49","Recreation And Parks","1,200","-122.46251106599999","37.768630933000054","7",
"1219","Palace Of Fine Arts","3601 Lyon St","San Francisco","94123","0916002","Own","49","Recreation And Parks",,"-122.44916839499996","37.80281810500003","2",
"3075","Palace Of Fine Arts - Rotunda","3601 Lyon St","San Francisco","94123","0916002","Own","49","Recreation And Parks",,"-122.44841429099995","37.802898551000055","2",
"1220","Palace of Fine Arts -Theater","3601 Lyon St","San Francisco","94123","0916002","Own","49","Recreation And Parks","28,300","-122.44916839499996","37.80281810500003","2",
"1223","Palega Recreation Center","500 Felton St","San Francisco","94134","5929001","Own","49","Recreation And Parks","16,978","-122.409679988","37.72908430100006","9",
"1224","Palega Storage Shed","500 Felton St","San Francisco","94134","5929001","Own","49","Recreation And Parks",,"-122.41027279199994","37.72921318500005","9",
"3286","PALOU/PHELPS OPEN SPACE","1801 Palou Ave","San Francisco","94124",,"Lease","9","Non-City",,"-122.39516122799995","37.73612041700005","10","Recreation And Parks"
"1227","Panhandle Bathroom & Staff Bldg","Oak St & Ashbury St","San Francisco","94117","1263011","Own","49","Recreation And Parks",,"-122.44144448199995","37.77311564200005","5",
"1247","Parkside Square Bathrooms","2680 28th Ave","San Francisco","94116","2469001","Own","49","Recreation And Parks","312","-122.48375776399996","37.738344865000045","4",
"1248","Parque Ninos Unidos Clubhouse","990 Treat Ave","San Francisco","94110","3639005","Own","49","Recreation And Parks","2,414","-122.41393355799994","37.75426231400007","9",
"1249","Patricias Green Art Installation","450 Octavia St","San Francisco","94102","0817033","Own","49","Recreation And Parks",,"-122.42442162999998","37.77622710800006","5",
"1250","Patricias Green Gardeners Shed","450 Octavia St","San Francisco","94102","0817033","Own","49","Recreation And Parks","52","-122.42444253299999","37.77591066400004","5",
"1253","Peixotto Clubhouse","199 Museum Way","San Francisco","94114","2615002","Own","49","Recreation And Parks",,"-122.437645095","37.76561555400008","8",
"1254","PEIXOTTO PLAYGRND: NRSRY SCH.*","2475 15th St","San Francisco","94114","1263011","Own","49","Recreation And Parks","2,000","-122.43783266799994","37.765767924000045","8",
"1302","Pine Lake Park Clubhouse","200 Crestlake Dr","San Francisco","94116","2500A001","Own","49","Recreation And Parks","1,242","-122.48723097799996","37.736064568000074","4",
"1303","Pine Lake Pumping Station","Wawona St & 24th Ave","San Francisco","94132","2500A001","Own","49","Recreation And Parks",,"-122.48634826199998","37.736499381000044","4",
"1304","Pioneer Log Cabin","1 Stow Lake Dr","San Francisco","94117","1263011","Own","49","Recreation And Parks","2,256","-122.47548343299997","37.770850077000034","7",
"1307","Plumbing Shop","100 Martin Luther King Dr","San Francisco","94117","1263011","Own","49","Recreation And Parks","4,800","-122.46232246099999","37.768741463000026","7",
"3480","Police Stables","1475 John F Kennedy Dr","San Francisco","94117","1263011","Own","49","Recreation And Parks",,"-122.49534691299999","37.76875664000005","4",
"1312","Police Stables Shed","1475 John F Kennedy Dr","San Francisco","94117","1263011","Own","49","Recreation And Parks","400","-122.495377083","37.76893631200005","4",
"1314","Polo Field Bathroom","1451 John F Kennedy Dr","San Francisco","94117","1263011","Own","49","Recreation And Parks","3,432","-122.49456934999995","37.76916081500008","4",
"1315","Polo Field North Restrooms","1451 John F Kennedy Dr","San Francisco","94117","1263011","Own","49","Recreation And Parks",,"-122.49439744699998","37.76894349200006","4",
"1316","Polo Field North Training Qtrs","1451 John F Kennedy Dr","San Francisco","94117","1263011","Own","49","Recreation And Parks","700","-122.49528773699996","37.768864241000074","4",
"1318","Polo Fields and Stadium","1451 John F Kennedy Dr","San Francisco","94117","1263011","Own","49","Recreation And Parks","5,000","-122.49268606199996","37.76824199300006","4",
"3482","Polo Fields Corral","John F Kennedy Dr","San Francisco","94117","1263011","Own","49","Recreation And Parks",,"-122.49056291","37.76984261400003","4",
"1317","Polo Field South Training Qtrs","1451 John F Kennedy Dr","San Francisco","94117","1263011","Own","49","Recreation And Parks","1,200","-122.49240765699994","37.76705359700003","4",
"1323","Portsmouth Square Bathrooms","733 Kearny St","San Francisco","94111","0209017","Own","49","Recreation And Parks","636","-122.405403348","37.79480852100005","3",
"1324","Portsmouth Square Clubhouse","733 Kearny St","San Francisco","94111","0209017","Own","49","Recreation And Parks","1,860","-122.40558573499999","37.794593054000075","3",
"1327","Potrero del Sol maintenance shed","1440 San Bruno Ave","San Francisco","94110","4277010","Own","49","Recreation And Parks",,"-122.40538290099994","37.75013172600006","9",
"1329","Potrero Del Sol Performance Spaces","1440 San Bruno Ave","San Francisco","94110","4277010","Own","49","Recreation And Parks",,"-122.40469653599996","37.75039878500007","9",
"3267","Potrero Hill Community Garden","20th St and San Bruno Ave","San Francisco","94107","4076011","Own","49","Recreation And Parks",,"-122.40529972699994","37.75978410400006","10",
"1332","Potrero Hill Rec Center","801 Arkansas St","San Francisco","94107","4163001","Own","49","Recreation And Parks","23,460","-122.39744311699997","37.75616262500006","10",
"1333","Potrero Hill Restrooms","801 Arkansas St","San Francisco","94107","4163001","Own","49","Recreation And Parks",,"-122.39700259499995","37.756066530000055","10",
"1334","Potrero Rec Center Maintenance Bldg","801 Arkansas St","San Francisco","94107","4163001","Own","49","Recreation And Parks",,"-122.39700352499995","37.756164529000046","10",
"1336","Powell St. Railroad Station","Fulton St & 07th Ave","San Francisco","94117","1263011","Own","49","Recreation And Parks","26,751","-122.46479495599999","37.77332654800006","1",
"1339","Prayer Book Cross","653 John F Kennedy Dr","San Francisco","94117","1263011","Own","49","Recreation And Parks",,"-122.47833316999998","37.771733495000035","1",
"1343","Presidio Heights Clubhouse","3437 Clay St","San Francisco","94118","1009024","Own","49","Recreation And Parks","958","-122.44978472999998","37.78853606600006","2",
"1369","Randall Museum","199 Museum Way","San Francisco","94114","2615002","Own","49","Recreation And Parks","32,030","-122.43814775799996","37.76442323800006","8",
"1377","Raymond Kimbell Fieldhouse","1901 Geary Blvd","San Francisco","94115","0706001","Own","49","Recreation And Parks",,"-122.43566194999994","37.78235183800007","5",
"1401","Rhoda Goldman Concert Meadow","2899 19th Ave","San Francisco","94116","2488001","Own","49","Recreation And Parks",,"-122.47974587399995","37.736263758000064","4",
"1402","Rhododendron Dell Maintenance Shed","364 John F Kennedy Dr","San Francisco","94117","1263011","Own","49","Recreation And Parks","192","-122.46442974799999","37.77201879900008","7",
"1405","Richmond PG Clubhouse","149 18th Ave","San Francisco","94121","1378007","Own","49","Recreation And Parks","1,200","-122.47786859999997","37.78531344400005","1",
"1406","Richmond Recreation Center","251 18th Ave","San Francisco","94121","1415004","Own","49","Recreation And Parks","18,500","-122.47797676799996","37.783270077000054","1",
"1408","Richmond/Sunset Treatment Plant","Lincoln Way & Martin Luther King Jr Dr","San Francisco","94117","1263011","Own","49","Recreation And Parks",,"-122.50050060699999","37.76464645500005","4",
"1409","Richmond/Sunset TRT PLT Maint Bldg","Lincoln Way & Martin Luther King Jr Dr","San Francisco","94117","1263011","Own","49","Recreation And Parks",,"-122.48329272399997","37.767311318000054","4",
"1412","Rochambeau Clubhouse","250 25th Ave","San Francisco","94121","1384006","Own","49","Recreation And Parks","1,482","-122.48456648899997","37.78498685200003","1",
"1415","Roofing Shop","100 Martin Luther King Dr","San Francisco","94117","1263011","Own","49","Recreation And Parks","1,860","-122.46211589699999","37.76882559300003","7",
"1421","Rose Garden Bathroom","700 John F Kennedy Dr","San Francisco","94117","1263011","Own","49","Recreation And Parks","612","-122.47132463199995","37.771635178000054","1",
"1422","Rose Garden Maintenance Shed","700 John F Kennedy Dr","San Francisco","94117","1263011","Own","49","Recreation And Parks",,"-122.47124433099998","37.77161670700008","1",
"1423","Rossi Annex Bathrooms","2 Willard St North","San Francisco","94118","1141027","Own","49","Recreation And Parks","390","-122.45770011899998","37.77801057600004","1",
"3014","Rossi Community Pool","600 Arguello Blvd","San Francisco","94118","1141027","Own","49","Recreation And Parks","12,900","-122.45820436999998","37.779060825000045","1",
"3015","Rossi maintenance facility 1","600 Arguello Blvd","San Francisco","94118","1141027","Own","49","Recreation And Parks","1,200","-122.45706684199996","37.77931218900005","1",
"3016","Rossi maintenance facility 2","600 Arguello Blvd","San Francisco","94118","1141027","Own","49","Recreation And Parks","672","-122.45711564099997","37.779394585000034","1",
"1445","Sandy Tatum Clubhouse","99 Harding Rd","San Francisco","94132","7283004","Own","49","Recreation And Parks",,"-122.49372364999999","37.72466641200003","7",
"1461","Sea Cliff #1 Sewage Pump","498 Sea Cliff Ave","San Francisco","94121","1309009","Own","49","Recreation And Parks",,"-122.49160200799997","37.78732292300003","1",
"1466","Sect 1 Gardener Cpd@Conservatory","100 John F Kennedy Dr","San Francisco","94117","1263011","Own","49","Recreation And Parks",,"-122.45976408299998","37.77272836100008","1",
"1467","Sect 2 Gardener Cpd @ Band Shell","Music Concourse Dr & Music Concourse Access Rd","San Francisco","94117","1263011","Own","49","Recreation And Parks",,"-122.46702210499996","37.77095524600003","7",
"1468","Sect 4 Gardener Cpd @ Boathouse","John F Kennedy Dr & Stow Lake Dr","San Francisco","94117","1263011","Own","49","Recreation And Parks",,"-122.47718192999997","37.77061459200007","7",
"1469","Sect 4 Gardener Cpd @ Middle Dr W","Middle West Dr & Overlook Dr","San Francisco","94117","1263011","Own","49","Recreation And Parks",,"-122.48052392599999","37.76947013600005","4",
"1470","Sect 5 Gardener Cpd@Model Yacht","John F Kennedy Dr & 36th Ave","San Francisco","94117","1263011","Own","49","Recreation And Parks",,"-122.49609638699997","37.77086125900007","1",
"1471","Sect 6 Gardener Cpd@Bercut","Bercut Access Rd & Chain of Lakes Dr","San Francisco","94117","1263011","Own","49","Recreation And Parks",,"-122.50281627899994","37.766682107000065","4",
"3270","Selby Palou Park Annex","1321 Selby St","San Francisco","94124",,"Lease","9","Non-City",,"-122.40041557899997","37.738900167000054","10","Recreation And Parks"
"3177","SEWAGE PLANT","100 Martin Luther King Jr Dr","San Francisco","94117","1263011","Own","49","Recreation And Parks",,"-122.50898410299999","37.76573474700007","4",
"1475","Sewage Pumping Station","3700 Lyon St","San Francisco","94117","0900003","Own","49","Recreation And Parks","4,500","-122.44854466399994","37.80639823400003","2",
"425","SFPD Radio Equipment","McLaren Park","San Francisco","94134","6190066","Own","49","Recreation And Parks",,"-122.41929857899999","37.718205442000055","10",
"1578","Sgt. John Macaulay Storage Area","801 Larkin St","San Francisco","94109","0716002","Own","49","Recreation And Parks",,"-122.41829188399998","37.78550355100003","5",
"1579","Sharon Arts Studio","320 Bowling Green Dr","San Francisco","94117","1263011","Own","49","Recreation And Parks","11,376","-122.45899175499994","37.76861758100006","7",
"1580","Sharon Meadow Bathroom","320 Bowling Green Dr","San Francisco","94117","1263011","Own","49","Recreation And Parks",,"-122.45828314599999","37.768321582000056","7",
"3162","SHARP PARK CLUBHOUSE & REST.","2600 Francisco Blvd","Pacifica","94044","016392120","Own","49","Recreation And Parks",,"-122.48881604099995","37.62493476900005",,
"3163","SHARP PARK GARDENERS SHED","2600 Francisco Blvd","Pacifica","94044","016392120","Own","49","Recreation And Parks",,"-122.48846401099996","37.62531098900007",,
"1597","Silver Terrace Clubhouse","1700 Silver Ave","San Francisco","94124","5396011","Own","49","Recreation And Parks","1,242","-122.40247224099994","37.73253420800006","10",
"1598","Silver Terrace Fieldhouse/Bleachers","1700 Silver Ave","San Francisco","94124","5396011","Own","49","Recreation And Parks","6,600","-122.40299701599997","37.73294230400006","10",
"1599","Silver Terrace Maint Facilities","1700 Silver Ave","San Francisco","94124","5396011","Own","49","Recreation And Parks",,"-122.40247224099994","37.73253420800006","10",
"3477","Silver Tree Day Camp","Diamond & Farnum St","San Francisco","94131","7560002","Own","49","Recreation And Parks",,"-122.44252843399994","37.74086530900007","8",
"1604","SOMA Eugene Friend Rec Center","270 06th St","San Francisco","94103","3731111","Own","49","Recreation And Parks","17,680","-122.40652312099996","37.778794230000074","6",
"1605","SoMa West Skate Park","Duboce St & Otis St","San Francisco","94103","3513071","Lease","9","Non-City",,"-122.42076927999994","37.770250367000074","6","Recreation And Parks"
"1609","South Deep Well Pump Station","Martin Luther King Jr Dr & Lincoln Way","San Francisco","94117","1263011","Own","49","Recreation And Parks",,"-122.48214119099998","37.76583555800005","4",
"1610","South End Rowing Club","500 Jefferson St","San Francisco","94109","0405004","Own","49","Recreation And Parks",,"-122.42097260099996","37.807701036000026","2",
"1617","South Sunset Clubhouse","2601 40th Ave","San Francisco","94116","2456001","Own","49","Recreation And Parks","1,500","-122.49818747199998","37.738077944000054","4",
"1639","States Street Restrooms","122 States St","San Francisco","94114","2615002","Own","49","Recreation And Parks",,"-122.43846243699994","37.763752699000065","8",
"1644","Stationary Engineers & Electric Rm","100 Martin Luther King Dr","San Francisco","94117","1263011","Own","49","Recreation And Parks",,"-122.46261616199996","37.76885049600003","7",
"1646","Stern Grove - Dressing Rm 4","2899 19TH AVE","San Francisco","94132","2488001","Own","49","Recreation And Parks","672","-122.47926297899994","37.73614553200008","4",
"1647","Stern Grove - Dressing Rooms 1, 2 & 3","2899 19TH AVE","San Francisco","94132","2488001","Own","49","Recreation And Parks","1,200","-122.47926297899994","37.73614553200008","4",
"3487","Stern Grove Maint. Facility 2","19th Ave & Sloat","San Francisco","94116","2488001","Own","49","Recreation And Parks",,"-122.48027098099999","37.73640057400007","4",
"1648","Stern Grove - New Stage","2899 19TH AVE","San Francisco","94132","2488001","Own","49","Recreation And Parks","1,134","-122.47926297899994","37.73614553200008","4",
"1651","Stern Grove Restrooms","2899 19th Ave","San Francisco","94132","2488001","Own","49","Recreation And Parks","1,440","-122.47820984499998","37.736196077000045","4",
"1649","Stern Grove - stage deck","2899 19TH AVE","San Francisco","94132","2488001","Own","49","Recreation And Parks","3,680","-122.47926297899994","37.73614553200008","4",
"1652","Stern maintenance facility","2899 19th Ave","San Francisco","94116","2488001","Own","49","Recreation And Parks",,"-122.47698999399995","37.735091229000034","4",
"1628","St Francis Yacht Club","99 Yacht Rd","San Francisco","94123","0900003","Own","49","Recreation And Parks","46,500","-122.44640195299996","37.807237239000074","2",
"1629","St Mary's BF Maintenance Shed","95 Justin Dr","San Francisco","94110","5801002","Own","49","Recreation And Parks","1,200","-122.42065802599996","37.73366979800005","9",
"1630","St Mary's DPA Maintenance Shed","95 Justin Dr","San Francisco","94110","5801002","Own","49","Recreation And Parks",,"-122.42065802599996","37.73366979800005","9",
"1631","St Mary's PG Restrooms","95 Justin Dr","San Francisco","94110","5801002","Own","49","Recreation And Parks",,"-122.42164757499995","37.73340144300005","9",
"1632","St Mary's RC Maintenance Shed","95 Justin Dr","San Francisco","94110","5801002","Own","49","Recreation And Parks","1,200","-122.42065802599996","37.73366979800005","9",
"1633","St Mary's Rec Center","95 Justin Dr","San Francisco","94112","5801002","Own","49","Recreation And Parks","23,307","-122.42170980499998","37.734235341000044","9",
"1634","St Mary's Square Bathrooms","633 California St","San Francisco","94108","0258003","Own","49","Recreation And Parks","525","-122.40510939799998","37.791724163000026","3",
"1635","St Mary's Square Performance Space","633 California St","San Francisco","94108","0258003","Own","49","Recreation And Parks",,"-122.40491172499998","37.791818087000024","3",
"1655","Stow Lake Boat Dock","50 Stow Lake Dr","San Francisco","94117","1263011","Own","49","Recreation And Parks",,"-122.47697555599996","37.77053775200005","7",
"1657","Stow Lake Boathouse","50 Stow Lake Dr","San Francisco","94117","1263011","Own","49","Recreation And Parks","3,926","-122.47707659799994","37.77061364900004","7",
"1656","Stow Lake Boat Launching Ramp","50 Stow Lake Dr","San Francisco","94117","1263011","Own","49","Recreation And Parks",,"-122.47692902499995","37.77047119000008","7",
"1658","Stow Lake Restrooms","50 Stow Lake Dr","San Francisco","94117","1263011","Own","49","Recreation And Parks","721","-122.47689159199996","37.77100685100004","7",
"1663","Struct Maint Storage Lot","100 Martin Luther King Dr","San Francisco","94117","1263011","Own","49","Recreation And Parks",,"-122.46159150999995","37.768154278000054","7",
"1665","Structural Maintenance Office","100 Martin Luther King Dr","San Francisco","94117","1263011","Own","49","Recreation And Parks","1,275","-122.46197134399995","37.76879677100004","7",
"1664","Structural Maint Multi-trade Bldg.","100 Martin Luther King Dr","San Francisco","94117","1263011","Own","49","Recreation And Parks",,"-122.46068634599999","37.76781721100008","7",
"1666","Strybing Greenhouse","1199 09th Ave","San Francisco","94117","1263011","Own","49","Recreation And Parks","2,200","-122.47105649299999","37.766128673000026","7",
"1667","Strybing Lath House","1199 09th Ave","San Francisco","94117","1263011","Own","49","Recreation And Parks","2,196","-122.47261718899995","37.76736959600004","7",
"1668","Strybing Nursery","1199 09th Ave","San Francisco","94117","1263011","Own","49","Recreation And Parks","22,842","-122.47122351099995","37.766151095000055","7",
"1669","Strybing Pump Stn","Lincoln Way and 09th Ave","San Francisco","94117","1263011","Own","49","Recreation And Parks","702","-122.46694192199999","37.766102008000075","7",
"1670","Strybing Storage Shed","1199 09th Ave","San Francisco","94117","1263011","Own","49","Recreation And Parks","323","-122.47252949999995","37.76747760000006","7",
"1671","Strybing Storage Shed 2","1199 09th Ave","San Francisco","94117","1263011","Own","49","Recreation And Parks","130","-122.47252949999995","37.76747760000006","7",
"2087","Sue Bierman Maintenance Facility","248 Drumm St","San Francisco","94111","0202018","Own","49","Recreation And Parks",,"-122.39606153399995","37.79615549400006","3",
"1676","Sunnyside Clubhouse","233 Melrose Ave","San Francisco","94127","3064051","Own","49","Recreation And Parks","3,212","-122.44721460399995","37.73366775300008","7",
"1137","Sunnyside Conservatory","236 Monterey Blvd","San Francisco","94131","6770057","Own","49","Recreation And Parks","1,536","-122.44082399499996","37.73186080000005","7",
"1679","Sunnyside Maintenance Facilities","233 Melrose Ave","San Francisco","94127","3064051","Own","49","Recreation And Parks","1,200","-122.44825516699996","37.73388441800006","7",
"1685","Sunset Rec Center","2201 Lawton St","San Francisco","94122","1915001","Own","49","Recreation And Parks","18,825","-122.48660969199994","37.75704134500006","4",
"3018","Swimming Pool","32560 Mather Rd","Groveland","95321","681600100","Own","49","Recreation And Parks",,"-119.85412106099994","37.87901196900003",,
"1749","Tenderloin Rec Center","570 Ellis St","San Francisco","94102","0322005","Own","49","Recreation And Parks","10,408","-122.41544357899994","37.78480887100005","5",
"1752","Tennis & Pro Shop","Nancy Pelosi Dr & Bowling Green Dr","San Francisco","94117","1263011","Own","49","Recreation And Parks","1,500","-122.45974146599997","37.769829610000045","7",
"1774","Tire Store","100 Martin Luther King Dr","San Francisco","94117","1263011","Own","49","Recreation And Parks",,"-122.46185493399997","37.76860096100006","7",
"1785","Treat Street Building","745 Treat Ave","San Francisco","94110","3612003","Own","49","Recreation And Parks","10,336","-122.41338459399998","37.75818114500004","9",
"1784","Tree Fern Dell Maintenance Facility","Conservatory Dr West & John F Kennedy Dr","San Francisco","94117","1263011","Own","49","Recreation And Parks",,"-122.460990402","37.771327566000025","7",
"3485","Triumph of Light Monument","Upper Terrace","San Francisco","94117","2629A003","Own","49","Recreation And Parks",,"-122.44555426899996","37.763314534000074","8",
"1650","Trocadero Clubhouse","2899 19th Ave","San Francisco","94116","2488001","Own","49","Recreation And Parks","4,226","-122.47798148299995","37.736184336000065","4",
"1795","Union Square Concessions","225 Stockton St","San Francisco","94108","0308001","Own","49","Recreation And Parks",,"-122.40797902799994","37.78787976700005","3",
"1796","Union Square Office","225 Stockton St","San Francisco","94108","0308001","Own","49","Recreation And Parks",,"-122.40797902799994","37.78787976700005","3",
"1799","Union Square Performance Spaces","225 Stockton St","San Francisco","94108","0308001","Own","49","Recreation And Parks",,"-122.40797902799994","37.78787976700005","3",
"3021","Union Square Storage","225 Stockton St","San Francisco","94108","0308001","Own","49","Recreation And Parks",,"-122.40797902799994","37.78787976700005","3",
"1803","Upper Noe Rec Center building","295 Day St","San Francisco","94131","6638007","Own","49","Recreation And Parks","24,150","-122.42837335099995","37.742332658000066","8",
"1804","Upper Shang","32560 Mather Rd","Groveland","95321","681600100","Own","49","Recreation And Parks",,"-119.85613576899999","37.881269985000074",,
"1805","Urban Forestry Center","Overlook Dr & Middle West Dr","San Francisco","94117","1263011","Own","49","Recreation And Parks","1,200","-122.48108142999996","37.76921268800004","4",
"1815","Vehicle Base","100 Martin Luther King Dr","San Francisco","94117","1263011","Own","49","Recreation And Parks",,"-122.46219084999996","37.768743517000075","7",
"1814","Vehicle & Materials Storage","100 Martin Luther King Dr","San Francisco","94117","1263011","Own","49","Recreation And Parks","1,200","-122.46214438899995","37.76860409000005","7",
"1818","Vicente Maintenance Facility","Great Hwy & Vicente St","San Francisco","94122","GRT  HWY","Own","49","Recreation And Parks","122","-122.50664481399997","37.73822732000008","4",
"1819","Victoria Manalo Draves Bathrooms","55 Sherman St","San Francisco","94103","3754016","Own","49","Recreation And Parks",,"-122.40602660899998","37.77676358800005","6",
"4","Visitacion Valley Clubhouse","251 Leland Ave","San Francisco","94134","6253001","Own","49","Recreation And Parks","2,600","-122.40862575599999","37.712749415000076","10",
"1823","Visitacion Valley Daycare Center","103 Tucker Ave","San Francisco","94134","6201037","Own","49","Recreation And Parks","1,753","-122.40631526199996","37.71591970900005","10",
"1820","Vis Vly Grnwy Bathrooms*","159 Teddy Ave","San Francisco","94134","6235013","Own","49","Recreation And Parks","500","-122.40565999999995","37.71406300000007","10",
"1827","VMD Maintenance Facility","55 Sherman St","San Francisco","94103","3754016","Own","49","Recreation And Parks",,"-122.40647884299995","37.77730399200004","6",
"1832","Warehouse","100 Martin Luther King Dr","San Francisco","94117","1263011","Own","49","Recreation And Parks",,"-122.46195696599995","37.76860608700008","7",
"2092","Washington/Hyde Maint Facility","1464 Washington St","San Francisco","94109","0187012","Own","49","Recreation And Parks","6,392","-122.41741408599995","37.79409657900004","3",
"1839","Washington Square Bathrooms","600 Columbus Ave","San Francisco","94133","0102001","Own","49","Recreation And Parks","292","-122.41054163099994","37.80096862000005","3",
"1841","Water Plant","32560 Mather Rd","Groveland","95321","681600100","Own","49","Recreation And Parks",,"-119.85613576899999","37.881269985000074",,
"3155","Wawona Clubhouse","899 Wawona St","San Francisco","94116","2488001","Own","49","Recreation And Parks","1,830","-122.47626210799996","37.737179310000045","4",
"855","Western Addition Community Technology Center","1003 Turk St","San Francisco","94102","0759001","Own","49","Recreation And Parks","4,500","-122.42560599599994","37.781139332000066","5",
"1851","West Marina Harbor","5 Yacht Rd","San Francisco","94123","0900003","Own","49","Recreation And Parks",,"-122.44565731699998","37.80700236100006","2",
"3474","West Portal Clubhouse","131 Lenox Way","San Francisco","94127","2979013A","Own","49","Recreation And Parks",,"-122.46528256099998","37.741752424000026","7",
"1857","West Sunset Clubhouse building","3223 Ortega St","San Francisco","94116","2094004","Own","49","Recreation And Parks","13,530","-122.49833514699998","37.75073088000005","4",
"1869","Willie Woo Woo Wong Clubhouse","850 Sacramento St","San Francisco","94108","0225018","Own","49","Recreation And Parks","600","-122.40715229099999","37.79367666400003","3",
"1870","Windmills Pump Station","1691 John F Kennedy Dr","San Francisco","94121","1263011","Own","49","Recreation And Parks","2,842","-122.50885350099998","37.770353054000054","1",
"1871","Woh Hei Yuen Rec Center building","922 Jackson St","San Francisco","94133","0180004A","Own","49","Recreation And Parks","5,000","-122.41027048499996","37.79580212400003","3",
"1829","W Sunset 2 Fieldhouse/Bleachers","3223 Ortega St","San Francisco","94116","2094004","Own","49","Recreation And Parks",,"-122.49836824799996","37.74941539900004","4",
"1830","W Sunset Erle Fieldhouse/Bleachers","3223 Ortega St","San Francisco","94116","2094004","Own","49","Recreation And Parks",,"-122.49940636499997","37.74807394800007","4",
"3031","Yacht Harbor Degaussing Station","3950 Scott St","San Francisco","94123","0900003","Own","49","Recreation And Parks",,"-122.44565731699998","37.80700236100006","2",
"1889","Youngblood Coleman Clubhouse","1398 Hudson Ave","San Francisco","94124","4720034","Own","49","Recreation And Parks","2,135","-122.38418438199994","37.738022288000025","10",
"3126","ZOO - ANIMAL HOSPITAL*","1 Zoo Rd","San Francisco","94132","7281002","Own","49","Recreation And Parks",,"-122.50391334399995","37.731741286000045","7",
"3127","ZOO - AVIARY*","1 Zoo Rd","San Francisco","94132","7281002","Own","49","Recreation And Parks",,"-122.50322252299998","37.73255940700005","7",
"3128","ZOO - BEAR DENS*","1 Zoo Rd","San Francisco","94132","7281002","Own","49","Recreation And Parks",,"-122.50190865999997","37.731500855000036","7",
"3129","ZOO - CAPYBARA SHELTER*","1 Zoo Rd","San Francisco","94132","7281002","Own","49","Recreation And Parks",,"-122.50154321099996","37.73156711400003","7",
"3130","ZOO - CAROUSEL","1 Zoo Rd","San Francisco","94132","7281002","Own","49","Recreation And Parks",,"-122.50379054599995","37.73359632100005","7",
"3131","ZOO - CHILDRENS ZOO - BARN","1 Zoo Rd","San Francisco","94132","7281002","Own","49","Recreation And Parks",,"-122.50337248599999","37.733714951000024","7",
"3132","ZOO - CHILDRENS ZOO - NURSERY*","1 Zoo Rd","San Francisco","94132","7281002","Own","49","Recreation And Parks",,"-122.50335684199996","37.73353506700005","7",
"3209","ZOO- FLEISHACKER BUILDING","1 Zoo Rd","San Francisco","94132","7281002","Own","49","Recreation And Parks",,"-122.50647769799997","37.73350769700005","7",
"3133","ZOO - GIRAFFE BARN*","1 Zoo Rd","San Francisco","94132","7281002","Own","49","Recreation And Parks",,"-122.50262322299994","37.731162733000076","7",
"3134","ZOO - GORILLA WORLD","1 Zoo Rd","San Francisco","94132","7281002","Own","49","Recreation And Parks",,"-122.50446302699999","37.73169762400005","7",
"3135","ZOO - GREAT APES BLDG*","1 Zoo Rd","San Francisco","94132","7281002","Own","49","Recreation And Parks",,"-122.50224953699995","37.732927662000066","7",
"3136","ZOO - HAY BARNS*","1 Zoo Rd","San Francisco","94132","7281002","Own","49","Recreation And Parks",,"-122.50296846899994","37.731148285000074","7",
"3137","ZOO - HEATING PLANT/RESTRM*","1 Zoo Rd","San Francisco","94132","7281002","Own","49","Recreation And Parks",,"-122.50403973199997","37.73202222800006","7",
"3138","ZOO - HOOFED STOCK EXHIBIT*","1 Zoo Rd","San Francisco","94132","7281002","Own","49","Recreation And Parks",,"-122.49988900699998","37.73271040100008","7",
"3139","ZOO - INSECT ZOO / CONCESSION*","1 Zoo Rd","San Francisco","94132","7281002","Own","49","Recreation And Parks",,"-122.50497583799995","37.73469135300007","7",
"3140","ZOO - IRRIGATION PUMP HOUSE*","1 Zoo Rd","San Francisco","94132","7281002","Own","49","Recreation And Parks",,"-122.50519825099997","37.73492776300003","7",
"3141","ZOO - KANGAROO BLDG.*","1 Zoo Rd","San Francisco","94132","7281002","Own","49","Recreation And Parks",,"-122.50025002899997","37.73207805000004","7",
"3142","ZOO - KOALA HABITAT*","1 Zoo Rd","San Francisco","94132","7281002","Own","49","Recreation And Parks",,"-122.50255790199998","37.733548649000056","7",
"3143","ZOO - LION HOUSE*","1 Zoo Rd","San Francisco","94132","7281002","Own","49","Recreation And Parks",,"-122.50162415299997","37.73216623400003","7",
"3144","ZOO - LOWER CONCESSION BLDG.*","1 Zoo Rd","San Francisco","94132","7281002","Own","49","Recreation And Parks",,"-122.50367649799995","37.73297203300007","7",
"3145","ZOO - LOWER RESTROOM*","1 Zoo Rd","San Francisco","94132","7281002","Own","49","Recreation And Parks",,"-122.50402739299994","37.73236557400003","7",
"3146","ZOO - MONKEY ISLAND*","1 Zoo Rd","San Francisco","94132","7281002","Own","49","Recreation And Parks",,"-122.50156555799998","37.733599824000066","7",
"3147","ZOO - MOTHERS BUILDING","1 Zoo Rd","San Francisco","94132","7281002","Own","49","Recreation And Parks",,"-122.50389826099996","37.73478688900008","7",
"3148","ZOO - PACHYDERM BARN/PIGMY HIPPO","1 Zoo Rd","San Francisco","94132","7281002","Own","49","Recreation And Parks",,"-122.50202944999995","37.73277699000005","7",
"3149","ZOO - PRIMATE DISC CTR*","1 Zoo Rd","San Francisco","94132","7281002","Own","49","Recreation And Parks",,"-122.50351911199999","37.73274309400006","7",
"3150","ZOO - RESIDENCE*8","1 Zoo Rd","San Francisco","94132","7281002","Own","49","Recreation And Parks",,"-122.50270768299998","37.73068948100007","7",
"3151","ZOO - SEALS*","1 Zoo Rd","San Francisco","94132","7281002","Own","49","Recreation And Parks",,"-122.50132866899997","37.733226400000035","7",
"3152","ZOO - SEWAGE PUMPHOUSE*","1 Zoo Rd","San Francisco","94132","7281002","Own","49","Recreation And Parks",,"-122.50535425799995","37.73510525800003","7",
"3153","ZOO - TERRACE CAFÃ‰","1 Zoo Rd","San Francisco","94132","7281002","Own","49","Recreation And Parks",,"-122.49978386199996","37.73321831900006","7",
"3154","ZOO - WELDING SHOP*","1 Zoo Rd","San Francisco","94132","7281002","Own","49","Recreation And Parks",,"-122.50379349999997","37.73210362000003","7",
"1892","Zoo Wet Weather Lift Station","1 Zoo Rd","San Francisco","94132","7281002","Own","49","Recreation And Parks",,"-122.50323956399995","37.732909482000025","7",
